class,vid,direction
anthropometric,5:78756778:T:C,-1
anthropometric,15:89902032:A:C,1
anthropometric,1:41530871:T:C,-1
anthropometric,1:118883973:G:A,-1
anthropometric,1:227797950:A:G,1
anthropometric,2:219943846:G:A,-1
anthropometric,3:134233092:A:G,1
anthropometric,3:141094209:G:A,-1
anthropometric,4:17944840:G:A,-1
anthropometric,6:34618893:G:A,-1
anthropometric,6:126966308:T:C,-1
anthropometric,13:51111355:T:G,-1
anthropometric,20:33914208:A:G,1
anthropometric,1:149892872:A:G,1
anthropometric,1:172189889:T:G,1
anthropometric,2:25276284:G:A,-1
anthropometric,5:134372685:T:C,-1
anthropometric,6:7720059:G:A,1
anthropometric,6:17699322:G:T,1
anthropometric,6:26233387:A:G,-1
anthropometric,6:35402785:A:G,1
anthropometric,6:45095163:A:C,1
anthropometric,6:109742015:G:A,-1
anthropometric,6:126835655:C:T,1
anthropometric,6:130358428:G:A,-1
anthropometric,6:142767633:A:G,-1
anthropometric,8:57095808:T:C,1
anthropometric,8:78160179:T:C,1
anthropometric,9:90811182:T:C,-1
anthropometric,9:109632353:G:A,1
anthropometric,9:117049891:T:G,-1
anthropometric,12:11855624:A:C,-1
anthropometric,12:20758613:G:A,1
anthropometric,12:66359752:C:A,-1
anthropometric,15:84315884:C:T,1
anthropometric,15:100786271:A:G,-1
anthropometric,16:84987679:C:A,-1
anthropometric,17:61712964:T:C,1
anthropometric,18:20724328:G:A,1
anthropometric,19:8672000:G:A,-1
anthropometric,20:33909784:C:T,1
anthropometric,22:23593051:G:A,1
anthropometric,4:145650021:G:A,1
anthropometric,6:105407662:A:C,1
anthropometric,6:142703877:G:A,-1
anthropometric,7:92256905:C:T,1
anthropometric,8:57155598:G:T,-1
anthropometric,9:119134796:A:G,-1
anthropometric,14:37000049:A:G,-1
anthropometric,14:92459958:C:T,-1
anthropometric,15:84286492:A:G,-1
anthropometric,16:675680:T:C,-1
anthropometric,17:54430155:C:T,1
anthropometric,7:41478608:G:A,-1
anthropometric,3:141143430:G:A,-1
anthropometric,2:233155110:T:C,1
anthropometric,5:32888818:C:T,1
anthropometric,22:40697581:C:T,-1
anthropometric,6:44967490:T:C,-1
anthropometric,9:14898161:T:G,-1
anthropometric,9:112945405:G:A,1
anthropometric,17:39046881:C:A,-1
anthropometric,1:17331676:A:G,1
anthropometric,1:184002874:A:G,-1
anthropometric,2:219949184:C:T,-1
anthropometric,2:233077064:A:G,1
anthropometric,3:141137035:G:A,-1
anthropometric,4:17797966:G:A,-1
anthropometric,6:34165721:A:G,-1
anthropometric,7:22024040:T:C,-1
anthropometric,8:57100149:G:A,-1
anthropometric,10:124165615:G:A,1
anthropometric,12:54041192:T:C,-1
anthropometric,12:102799598:A:G,-1
anthropometric,13:42631719:C:A,-1
anthropometric,13:92015977:G:A,-1
anthropometric,15:51569410:A:G,-1
anthropometric,15:75755467:C:T,-1
anthropometric,16:15131974:G:T,-1
anthropometric,16:83639335:G:A,-1
anthropometric,18:20735408:T:C,1
anthropometric,6:34195011:G:T,-1
anthropometric,15:84573041:T:G,-1
anthropometric,1:152062767:G:A,-1
anthropometric,1:152493154:G:A,1
anthropometric,2:219756383:C:T,-1
anthropometric,1:2069172:C:T,-1
anthropometric,1:25044111:C:T,-1
anthropometric,1:26741544:A:G,1
anthropometric,1:41745770:T:C,1
anthropometric,1:78623626:C:T,-1
anthropometric,1:89123443:C:T,-1
anthropometric,1:93323971:T:C,1
anthropometric,1:172053287:T:C,1
anthropometric,1:176792249:A:G,1
anthropometric,1:212237798:G:A,-1
anthropometric,1:218609702:A:G,1
anthropometric,1:219743719:C:T,-1
anthropometric,1:227911883:A:C,1
anthropometric,2:25187599:C:T,-1
anthropometric,2:33361425:A:G,1
anthropometric,2:44768202:T:C,1
anthropometric,2:46921285:G:A,-1
anthropometric,2:88924622:T:C,1
anthropometric,2:134434824:T:C,1
anthropometric,2:218271898:T:C,1
anthropometric,2:219908369:T:G,1
anthropometric,2:225047744:T:C,1
anthropometric,2:232797966:C:T,-1
anthropometric,2:242262986:G:A,-1
anthropometric,3:13555836:C:T,-1
anthropometric,3:51071713:T:C,1
anthropometric,3:53118739:C:T,-1
anthropometric,3:67416322:T:C,1
anthropometric,3:72437413:C:T,-1
anthropometric,3:129050756:T:C,1
anthropometric,3:135974216:G:A,-1
anthropometric,3:185548683:G:A,-1
anthropometric,4:1701317:G:A,-1
anthropometric,4:18033488:T:C,1
anthropometric,4:57823476:C:T,-1
anthropometric,4:73515313:T:C,1
anthropometric,4:82150006:T:G,1
anthropometric,4:145568352:T:C,1
anthropometric,4:184215675:A:G,1
anthropometric,5:32830521:T:C,1
anthropometric,5:55001899:G:A,-1
anthropometric,5:88354675:T:C,1
anthropometric,5:108113344:C:T,-1
anthropometric,5:122657199:G:A,-1
anthropometric,5:131699867:A:G,1
anthropometric,5:168256240:G:A,-1
anthropometric,5:171203438:C:A,-1
anthropometric,5:172984114:C:T,-1
anthropometric,5:176517326:T:C,1
anthropometric,5:179731014:T:C,1
anthropometric,6:19841493:T:C,1
anthropometric,6:34199092:C:T,-1
anthropometric,6:35402805:C:A,-1
anthropometric,6:76265642:T:G,1
anthropometric,6:105378954:C:T,-1
anthropometric,6:109783941:A:G,1
anthropometric,6:130349119:C:T,-1
anthropometric,6:142797289:G:A,-1
anthropometric,6:152110943:T:G,1
anthropometric,7:2801803:C:T,-1
anthropometric,7:19616522:C:T,-1
anthropometric,7:28189946:A:G,1
anthropometric,7:38128326:T:C,1
anthropometric,8:24116304:C:T,-1
anthropometric,8:57194163:T:C,1
anthropometric,8:78178485:A:C,1
anthropometric,8:130725665:C:T,-1
anthropometric,9:16368732:G:T,-1
anthropometric,9:78542286:G:A,-1
anthropometric,9:86552205:A:G,1
anthropometric,9:90835726:T:C,1
anthropometric,9:95429120:A:C,1
anthropometric,9:96893945:A:G,1
anthropometric,9:98256235:T:G,1
anthropometric,9:109599046:G:A,-1
anthropometric,9:113807082:C:T,-1
anthropometric,9:119122342:C:T,-1
anthropometric,9:139111870:G:T,-1
anthropometric,10:12918764:C:T,-1
anthropometric,10:101805442:C:T,-1
anthropometric,11:2810731:C:T,-1
anthropometric,11:12698040:A:G,1
anthropometric,11:17316029:C:T,-1
anthropometric,11:49559172:T:C,1
anthropometric,11:65336819:C:T,-1
anthropometric,11:66826160:C:T,-1
anthropometric,11:118574675:C:T,-1
anthropometric,11:128586155:C:A,-1
anthropometric,12:11855773:G:A,-1
anthropometric,12:20857467:A:C,1
anthropometric,12:123823546:A:G,1
anthropometric,13:33147548:T:G,1
anthropometric,13:51105334:G:A,-1
anthropometric,13:92024574:A:G,1
anthropometric,14:60957279:C:T,-1
anthropometric,14:68813115:T:C,1
anthropometric,14:74990746:A:G,1
anthropometric,15:51530495:G:A,-1
anthropometric,15:62380259:C:T,-1
anthropometric,15:70048157:A:C,1
anthropometric,15:74336633:T:C,1
anthropometric,15:84580582:A:C,1
anthropometric,15:89388905:C:T,-1
anthropometric,15:100759614:C:T,-1
anthropometric,16:792190:A:G,1
anthropometric,16:88777242:C:A,-1
anthropometric,17:21284223:A:G,1
anthropometric,17:27917771:A:G,1
anthropometric,17:30343282:G:A,-1
anthropometric,17:36922196:A:G,1
anthropometric,17:43216281:C:T,-1
anthropometric,17:68090207:C:T,-1
anthropometric,18:20727611:C:T,-1
anthropometric,18:57851097:T:C,1
anthropometric,19:7184762:A:G,1
anthropometric,19:17283303:T:C,1
anthropometric,19:41937095:G:A,-1
anthropometric,20:4101800:C:T,-1
anthropometric,20:6626218:G:A,-1
anthropometric,20:32333181:G:T,-1
anthropometric,20:34025756:A:G,1
anthropometric,20:47903019:G:A,-1
anthropometric,1:164739171:T:C,-1
anthropometric,2:46826026:A:C,1
anthropometric,2:204165171:T:C,-1
anthropometric,2:207634236:T:G,1
anthropometric,4:162602209:G:A,-1
anthropometric,7:77964788:C:T,1
anthropometric,2:55516323:T:G,1
anthropometric,2:69287943:A:G,1
anthropometric,2:218123648:G:A,-1
anthropometric,2:218523162:A:G,1
anthropometric,2:218729865:C:A,-1
anthropometric,3:56735180:C:A,-1
anthropometric,4:17993410:A:C,1
anthropometric,4:82165790:T:C,1
anthropometric,5:36473237:C:T,-1
anthropometric,5:127640861:A:G,1
anthropometric,6:5260936:A:C,1
anthropometric,6:14173428:G:A,-1
anthropometric,6:126767600:C:T,-1
anthropometric,8:70412450:C:T,-1
anthropometric,8:135638632:C:A,-1
anthropometric,10:81139462:G:A,-1
anthropometric,12:53916715:T:C,1
anthropometric,13:36476447:A:G,1
anthropometric,15:84522755:C:T,-1
anthropometric,15:89398105:C:T,-1
anthropometric,15:89617081:C:T,-1
anthropometric,17:61977248:T:C,1
anthropometric,18:46587654:G:A,-1
anthropometric,19:2275079:A:G,1
anthropometric,4:17919811:G:A,1
anthropometric,12:66371880:G:T,-1
anthropometric,17:53757787:T:C,1
anthropometric,2:223068286:G:A,1
anthropometric,2:70697667:G:A,-1
anthropometric,2:185436262:A:G,-1
anthropometric,5:173352763:G:A,1
anthropometric,10:16748610:G:A,-1
anthropometric,10:60555578:A:G,-1
anthropometric,10:97229762:G:A,-1
anthropometric,10:126294167:G:A,-1
anthropometric,10:135352153:A:G,1
anthropometric,11:123956466:A:G,-1
anthropometric,16:79363814:A:G,1
anthropometric,19:30943677:A:G,1
anthropometric,20:9778729:G:A,1
anthropometric,1:57625932:T:C,-1
anthropometric,1:76477207:A:C,-1
anthropometric,6:28129789:T:G,-1
anthropometric,9:73157416:G:A,1
anthropometric,11:102009280:A:G,-1
anthropometric,12:14966604:C:T,1
anthropometric,12:124085502:G:A,1
anthropometric,16:29967434:A:G,-1
anthropometric,19:49214274:G:A,1
anthropometric,2:71525785:T:C,-1
anthropometric,3:175927451:G:A,1
anthropometric,10:60210790:T:G,1
anthropometric,12:56680745:C:T,1
anthropometric,12:129186190:G:A,-1
anthropometric,16:89726035:T:C,1
anthropometric,18:45865597:A:G,-1
anthropometric,1:9317604:C:T,1
anthropometric,1:41688938:C:T,1
anthropometric,1:118864616:A:G,-1
anthropometric,1:149906413:T:C,1
anthropometric,1:172219995:A:G,1
anthropometric,1:218995273:C:T,-1
anthropometric,2:25036858:C:A,1
anthropometric,2:25373298:G:A,-1
anthropometric,2:33360338:A:G,1
anthropometric,2:232378231:T:C,-1
anthropometric,2:232988582:A:C,1
anthropometric,3:53125585:T:C,-1
anthropometric,4:82184234:A:G,1
anthropometric,4:106134316:G:A,-1
anthropometric,5:131686146:G:A,1
anthropometric,5:171181237:T:G,1
anthropometric,6:7695973:G:A,1
anthropometric,6:34194866:C:T,-1
anthropometric,6:34581636:T:G,1
anthropometric,6:35005084:A:C,-1
anthropometric,6:45244415:T:C,1
anthropometric,6:80845989:T:C,-1
anthropometric,6:117871836:G:A,-1
anthropometric,6:130345835:G:A,-1
anthropometric,6:152358179:T:C,1
anthropometric,7:2759795:C:T,-1
anthropometric,7:28189083:T:G,-1
anthropometric,7:150512172:T:C,1
anthropometric,8:26206077:C:T,-1
anthropometric,8:57209246:A:G,-1
anthropometric,10:80931481:G:A,-1
anthropometric,11:47441513:G:A,-1
anthropometric,11:48091303:T:G,-1
anthropometric,12:28569714:T:C,-1
anthropometric,13:33147052:C:T,1
anthropometric,13:50563447:C:T,1
anthropometric,13:51106788:G:A,-1
anthropometric,15:84580156:G:A,1
anthropometric,18:20720973:G:T,1
anthropometric,20:6621685:C:T,-1
anthropometric,20:33789142:C:A,-1
anthropometric,20:34023962:G:A,1
anthropometric,20:34712310:T:C,1
anthropometric,14:56393106:A:G,1
anthropometric,15:89412279:A:G,1
anthropometric,1:9292282:G:A,-1
anthropometric,1:21583311:T:C,1
anthropometric,1:23504795:A:G,1
anthropometric,1:41556253:C:T,-1
anthropometric,1:113202571:G:A,-1
anthropometric,1:149938898:T:C,1
anthropometric,1:172083881:G:A,-1
anthropometric,1:218615451:A:C,1
anthropometric,1:218975475:G:A,-1
anthropometric,1:227750068:G:A,-1
anthropometric,2:25040082:C:T,-1
anthropometric,2:25463483:G:A,-1
anthropometric,2:27741237:T:C,1
anthropometric,2:36768875:G:A,-1
anthropometric,2:44774202:C:T,-1
anthropometric,2:68495002:G:A,-1
anthropometric,2:71584485:G:A,-1
anthropometric,2:218146080:C:T,-1
anthropometric,2:232796610:T:C,1
anthropometric,2:233442091:G:A,-1
anthropometric,2:241818527:A:C,1
anthropometric,3:72455355:C:T,-1
anthropometric,3:129050943:A:G,1
anthropometric,3:136107549:G:A,-1
anthropometric,3:172163449:G:A,-1
anthropometric,4:5035587:G:A,-1
anthropometric,4:12963574:G:A,-1
anthropometric,4:17936634:T:C,1
anthropometric,4:56399648:T:C,1
anthropometric,4:73476014:T:G,1
anthropometric,4:82155568:C:A,-1
anthropometric,4:109408608:G:A,-1
anthropometric,4:145574844:A:G,1
anthropometric,4:145839264:A:G,1
anthropometric,5:32694942:C:T,-1
anthropometric,5:37046626:A:G,1
anthropometric,5:88327782:T:G,1
anthropometric,5:168250903:G:A,-1
anthropometric,5:170875097:A:C,1
anthropometric,5:171283469:T:G,1
anthropometric,5:178535713:A:G,1
anthropometric,6:7708631:T:C,1
anthropometric,6:34188866:C:T,-1
anthropometric,6:35246903:G:A,-1
anthropometric,6:76164589:C:A,-1
anthropometric,6:80956208:C:T,-1
anthropometric,6:81792063:G:T,-1
anthropometric,6:105392745:C:T,-1
anthropometric,6:109723939:G:A,-1
anthropometric,6:126866133:C:A,-1
anthropometric,6:152345162:G:A,-1
anthropometric,6:158722034:A:G,1
anthropometric,7:23521316:A:G,1
anthropometric,7:28205303:T:C,1
anthropometric,7:46201355:A:G,1
anthropometric,7:77308295:A:G,1
anthropometric,7:92244422:C:T,-1
anthropometric,7:148629759:C:T,-1
anthropometric,8:130723728:A:G,1
anthropometric,8:135650483:G:A,-1
anthropometric,9:95387983:C:T,-1
anthropometric,9:98380222:G:A,-1
anthropometric,9:99201585:A:G,1
anthropometric,9:113792706:C:A,-1
anthropometric,10:4965434:A:G,1
anthropometric,10:69937192:A:G,1
anthropometric,10:80928793:G:A,-1
anthropometric,11:12678415:T:C,1
anthropometric,11:47969152:T:C,1
anthropometric,12:576984:C:T,-1
anthropometric,12:28600244:C:T,-1
anthropometric,12:93976954:A:G,1
anthropometric,12:94126925:T:G,1
anthropometric,12:122494809:T:C,1
anthropometric,12:123822711:G:A,-1
anthropometric,12:124801226:T:C,1
anthropometric,13:50718468:C:T,-1
anthropometric,13:81550449:T:C,1
anthropometric,14:92427348:T:C,1
anthropometric,15:70364352:G:A,-1
anthropometric,15:84266145:G:T,-1
anthropometric,15:89851580:G:A,-1
anthropometric,15:100513158:C:T,-1
anthropometric,17:7363088:T:C,1
anthropometric,17:29247715:G:A,-1
anthropometric,17:46974734:T:C,1
anthropometric,17:54839652:A:G,1
anthropometric,17:59638623:T:C,1
anthropometric,17:62007498:A:G,1
anthropometric,18:57852948:A:C,1
anthropometric,19:3434028:A:C,1
anthropometric,19:10801185:G:A,-1
anthropometric,19:19591066:A:G,1
anthropometric,19:41922352:A:G,1
anthropometric,20:4098567:A:G,1
anthropometric,20:6469596:G:A,-1
anthropometric,20:6612832:A:G,1
anthropometric,20:21180259:C:T,-1
anthropometric,20:34432670:A:G,1
anthropometric,20:38552078:T:C,1
anthropometric,1:172193820:T:C,1
anthropometric,1:184018475:T:C,1
anthropometric,1:214618185:C:T,-1
anthropometric,1:218604678:G:A,-1
anthropometric,2:25482970:A:G,1
anthropometric,2:36683428:T:G,1
anthropometric,2:121612659:G:A,-1
anthropometric,2:219472325:G:A,-1
anthropometric,2:219587291:A:G,1
anthropometric,2:219983030:C:T,-1
anthropometric,2:220028900:A:G,1
anthropometric,2:232815341:G:A,-1
anthropometric,2:233053961:A:G,1
anthropometric,3:11641535:C:T,-1
anthropometric,3:72509637:T:C,1
anthropometric,3:129045906:C:T,-1
anthropometric,3:171970859:A:G,1
anthropometric,4:17877487:A:G,1
anthropometric,4:57798189:G:A,-1
anthropometric,4:57857188:A:G,1
anthropometric,4:73515825:C:T,-1
anthropometric,4:82220324:A:C,1
anthropometric,4:145565826:C:T,-1
anthropometric,4:145982563:A:G,1
anthropometric,5:42719239:A:C,1
anthropometric,5:54944262:C:T,-1
anthropometric,5:122676525:T:G,1
anthropometric,5:134348703:G:T,-1
anthropometric,6:25916979:C:T,-1
anthropometric,7:2814271:A:G,1
anthropometric,8:28604791:T:C,1
anthropometric,8:57200362:A:G,1
anthropometric,8:128834403:C:T,-1
anthropometric,8:130734461:G:T,-1
anthropometric,9:139119215:A:G,1
anthropometric,10:31127166:G:T,-1
anthropometric,10:80918517:G:A,-1
anthropometric,10:126649516:A:G,1
anthropometric,10:126703349:C:T,-1
anthropometric,11:61570783:T:C,1
anthropometric,11:118644582:A:C,1
anthropometric,12:54030238:G:T,-1
anthropometric,12:54058238:C:T,-1
anthropometric,12:56709919:C:T,-1
anthropometric,12:56737973:A:G,1
anthropometric,12:102506044:T:C,1
anthropometric,12:102630679:C:A,-1
anthropometric,14:74989433:T:C,1
anthropometric,14:92482948:C:T,-1
anthropometric,15:51599683:A:G,1
anthropometric,15:84557676:T:G,1
anthropometric,16:89754255:T:G,1
anthropometric,17:59497277:A:G,1
anthropometric,17:61763185:T:C,1
anthropometric,18:20672555:T:G,1
anthropometric,18:46582359:A:G,1
anthropometric,19:10765819:C:T,-1
anthropometric,19:10859508:G:A,-1
anthropometric,20:34019579:C:T,-1
anthropometric,20:35637398:G:A,-1
anthropometric,4:154831899:G:A,-1
anthropometric,6:45329656:C:T,-1
anthropometric,7:42131390:T:C,1
anthropometric,1:26045251:G:A,-1
anthropometric,11:34665925:G:T,-1
anthropometric,14:21365801:C:T,1
anthropometric,19:56598123:G:A,1
anthropometric,20:21632545:A:C,-1
anthropometric,20:39292074:T:C,1
anthropometric,3:61181318:T:C,-1
anthropometric,17:73688294:G:A,-1
anthropometric,1:177404510:T:C,-1
anthropometric,1:182706092:A:C,-1
anthropometric,4:17994298:T:C,-1
anthropometric,5:32773275:A:G,-1
anthropometric,5:56752648:C:T,-1
anthropometric,6:26184102:G:A,-1
anthropometric,6:126990392:T:G,-1
anthropometric,6:142745883:T:G,-1
anthropometric,6:142863888:T:C,-1
anthropometric,7:113267859:A:G,-1
anthropometric,10:130682872:C:T,-1
anthropometric,11:66899619:A:G,-1
anthropometric,11:67024534:C:T,-1
anthropometric,11:67184725:G:A,-1
anthropometric,12:4384844:T:G,-1
anthropometric,15:89383764:T:C,-1
anthropometric,20:33890061:G:A,-1
anthropometric,20:34005240:T:C,-1
anthropometric,6:10271130:G:A,-1
anthropometric,6:144160280:T:C,-1
anthropometric,7:129445211:T:C,1
anthropometric,8:55523880:A:G,-1
anthropometric,8:59145769:C:T,-1
anthropometric,9:137370739:A:C,-1
anthropometric,10:102853218:C:T,-1
anthropometric,12:30858969:G:T,-1
anthropometric,15:95952955:A:G,-1
anthropometric,17:50338248:G:A,-1
anthropometric,17:67551927:C:A,-1
anthropometric,2:125361807:A:G,-1
anthropometric,4:172328460:C:T,1
anthropometric,5:133155469:G:T,1
anthropometric,8:140669745:G:T,1
anthropometric,8:142885943:T:C,-1
anthropometric,10:56221750:A:G,-1
anthropometric,12:119414564:C:A,-1
anthropometric,13:27271370:G:A,1
anthropometric,1:79481653:G:A,-1
anthropometric,1:203356069:T:C,-1
anthropometric,1:241582948:C:T,-1
anthropometric,2:37905658:T:C,-1
anthropometric,3:976779:A:G,-1
anthropometric,5:25907909:A:G,1
anthropometric,5:73944316:T:C,-1
anthropometric,7:3344986:G:A,-1
anthropometric,13:100456122:G:A,1
anthropometric,13:100870060:G:T,-1
anthropometric,13:100976091:T:C,-1
anthropometric,20:55824509:A:G,-1
anthropometric,1:81062340:A:G,-1
anthropometric,1:232317944:T:C,-1
anthropometric,3:29571564:C:A,-1
anthropometric,7:936192:G:A,-1
anthropometric,7:8567347:C:T,-1
anthropometric,7:19542960:C:T,-1
anthropometric,8:109725508:T:C,-1
anthropometric,11:23804648:C:T,-1
anthropometric,16:6097042:A:G,-1
anthropometric,16:24531718:T:C,-1
anthropometric,18:3718339:A:G,-1
anthropometric,21:15375507:A:G,-1
anthropometric,1:211702179:C:T,-1
anthropometric,3:23113977:A:G,-1
anthropometric,4:69604491:G:A,-1
anthropometric,4:69769286:T:G,1
anthropometric,5:65761156:G:A,-1
anthropometric,16:27017495:T:C,-1
anthropometric,17:69076164:G:A,1
anthropometric,18:54254576:G:A,-1
anthropometric,19:59040185:C:T,-1
anthropometric,20:21630280:A:G,-1
anthropometric,2:51990959:A:C,1
anthropometric,4:149206436:A:G,-1
anthropometric,5:43110666:G:A,-1
anthropometric,6:14656031:C:T,1
anthropometric,7:87104450:A:G,-1
anthropometric,9:85505322:C:T,-1
anthropometric,9:122117733:A:G,-1
anthropometric,14:55005750:G:A,-1
anthropometric,17:54778644:G:A,-1
anthropometric,22:28094845:A:G,-1
anthropometric,2:213911435:T:C,-1
anthropometric,3:65004205:A:C,-1
anthropometric,3:159268308:C:T,-1
anthropometric,3:165939572:C:A,-1
anthropometric,3:166216303:C:T,-1
anthropometric,3:184359057:G:T,-1
anthropometric,7:145443137:T:C,-1
anthropometric,11:117447485:C:T,-1
anthropometric,13:100947804:C:T,-1
anthropometric,1:26015780:G:A,-1
anthropometric,1:245248256:T:G,-1
anthropometric,4:45202638:G:T,-1
anthropometric,4:177468979:T:C,-1
anthropometric,6:144486284:T:C,-1
anthropometric,6:153221879:T:C,-1
anthropometric,7:147592379:A:G,-1
anthropometric,11:12116419:G:A,-1
anthropometric,14:46370530:A:C,-1
anthropometric,16:64182856:A:G,-1
anthropometric,16:78515131:T:G,-1
anthropometric,17:63563125:G:T,-1
anthropometric,17:69111098:G:A,-1
anthropometric,19:8654916:G:A,-1
anthropometric,22:34087492:C:T,-1
anthropometric,22:40207399:G:A,-1
anthropometric,1:61265635:T:C,1
anthropometric,1:187297883:A:G,-1
anthropometric,4:161373197:G:A,-1
anthropometric,6:48256392:C:A,-1
anthropometric,7:18767343:A:G,-1
anthropometric,8:107516230:A:G,-1
anthropometric,12:74913196:T:C,-1
anthropometric,12:77836992:G:A,1
anthropometric,13:29238236:T:C,-1
anthropometric,19:28827606:G:A,-1
anthropometric,1:71819148:A:G,-1
anthropometric,7:40742902:A:G,-1
anthropometric,11:2524959:G:T,-1
anthropometric,11:123804419:A:C,-1
anthropometric,11:130570791:C:T,-1
anthropometric,12:101138872:G:T,-1
anthropometric,13:34502183:C:T,-1
anthropometric,14:88826682:T:C,-1
anthropometric,15:90789533:A:G,-1
anthropometric,19:8134029:C:T,-1
anthropometric,19:47914183:C:T,-1
anthropometric,2:2521248:G:A,1
anthropometric,4:188944730:C:T,-1
anthropometric,5:71455274:A:G,1
anthropometric,6:57138773:C:T,-1
anthropometric,7:105284679:T:C,-1
anthropometric,8:17982917:A:G,-1
anthropometric,10:3158473:G:A,-1
anthropometric,13:32514028:T:C,1
anthropometric,13:73920464:C:A,1
anthropometric,13:114833711:C:T,-1
anthropometric,16:58141933:G:A,-1
anthropometric,16:82410216:A:G,-1
anthropometric,18:11872892:A:G,-1
anthropometric,19:1086043:T:C,-1
anthropometric,22:34665034:G:A,-1
anthropometric,1:214316775:C:T,-1
anthropometric,2:67423662:T:C,-1
anthropometric,2:101594004:G:A,-1
anthropometric,3:43136696:G:A,-1
anthropometric,3:52368319:A:G,-1
anthropometric,8:8807278:A:G,-1
anthropometric,8:142667266:C:T,1
anthropometric,9:80117749:T:C,-1
anthropometric,11:74166278:G:A,1
anthropometric,12:119277295:C:T,-1
anthropometric,13:45429434:C:T,-1
anthropometric,16:48094751:C:T,-1
anthropometric,16:48401674:C:T,-1
anthropometric,17:707329:T:C,-1
anthropometric,20:23368411:C:A,-1
anthropometric,20:23375907:C:T,-1
anthropometric,1:26343112:T:C,1
anthropometric,3:189822090:C:T,-1
anthropometric,8:94195920:A:G,1
anthropometric,11:83325540:T:G,1
anthropometric,13:109550561:A:G,1
anthropometric,14:78640968:G:A,-1
anthropometric,16:6224373:A:G,-1
anthropometric,17:47937692:G:A,-1
anthropometric,2:210217098:A:G,-1
anthropometric,2:214332515:A:G,-1
anthropometric,3:195556379:C:T,-1
anthropometric,5:145958467:C:T,-1
anthropometric,9:14883254:G:A,-1
anthropometric,10:82399395:C:T,-1
anthropometric,10:95139582:G:A,-1
anthropometric,12:43353413:A:G,-1
anthropometric,14:95860797:G:T,-1
anthropometric,15:67274892:G:A,-1
anthropometric,16:11565012:A:G,1
anthropometric,17:41859648:A:G,-1
anthropometric,20:62001200:C:T,-1
anthropometric,1:203337412:G:A,-1
anthropometric,1:208092269:G:T,-1
anthropometric,2:216698030:A:G,-1
anthropometric,5:115723410:T:G,-1
anthropometric,8:26315914:C:T,-1
anthropometric,8:130596459:C:T,1
anthropometric,12:107842206:G:A,-1
anthropometric,13:106657920:A:G,-1
anthropometric,15:42782707:C:T,-1
anthropometric,16:74025074:A:G,-1
anthropometric,22:23534272:T:C,-1
anthropometric,22:26539574:C:T,-1
anthropometric,1:61060280:T:C,-1
anthropometric,2:48953947:G:A,-1
anthropometric,3:131996109:G:T,-1
anthropometric,5:65411710:G:T,-1
anthropometric,7:77741221:C:T,-1
anthropometric,8:66415214:T:C,1
anthropometric,8:108868792:A:G,-1
anthropometric,8:109268550:T:C,-1
anthropometric,8:109403303:T:C,-1
anthropometric,8:143225686:G:A,-1
anthropometric,9:24170627:G:A,-1
anthropometric,11:132875597:G:T,-1
anthropometric,12:92000328:C:T,1
anthropometric,12:129799507:T:C,-1
anthropometric,13:56577180:G:A,-1
anthropometric,13:56761628:C:T,-1
anthropometric,14:103009623:G:A,1
anthropometric,16:72323620:T:C,-1
anthropometric,16:72846091:G:A,-1
anthropometric,20:45715237:C:T,-1
anthropometric,1:107463430:C:T,-1
anthropometric,2:99540100:T:C,-1
anthropometric,2:99843271:C:T,-1
anthropometric,2:237137809:C:T,-1
anthropometric,3:22438596:A:G,1
anthropometric,4:24246136:A:G,-1
anthropometric,5:175194987:A:G,-1
anthropometric,7:158777934:G:A,1
anthropometric,10:114638849:A:G,1
anthropometric,18:9314457:C:T,-1
anthropometric,20:40918117:C:T,-1
anthropometric,22:40833842:A:G,-1
anthropometric,1:28455758:G:A,-1
anthropometric,1:107616641:T:C,1
anthropometric,4:13305221:T:C,-1
anthropometric,5:78055483:T:C,-1
anthropometric,5:149323458:A:G,-1
anthropometric,7:62409535:C:T,-1
anthropometric,8:58449027:C:T,-1
anthropometric,9:138492257:C:A,1
anthropometric,10:3331872:A:G,-1
anthropometric,12:52544922:C:T,-1
anthropometric,13:25716500:G:A,-1
anthropometric,15:88614227:C:T,-1
anthropometric,16:17736418:T:C,-1
anthropometric,17:53349172:G:A,-1
anthropometric,20:42440138:C:T,-1
anthropometric,1:98636199:A:C,-1
anthropometric,2:108201979:C:T,-1
anthropometric,3:7122035:T:C,-1
anthropometric,3:197262761:C:T,-1
anthropometric,4:13768667:A:C,-1
anthropometric,4:134521111:A:G,-1
anthropometric,6:66086336:C:T,-1
anthropometric,8:105542839:G:A,-1
anthropometric,8:111433156:G:A,-1
anthropometric,10:112255894:C:T,-1
anthropometric,12:68250405:T:G,-1
anthropometric,13:111117518:A:G,-1
anthropometric,2:106734065:G:A,-1
anthropometric,2:106886967:G:A,-1
anthropometric,8:129095848:G:A,-1
anthropometric,12:66216003:A:C,-1
anthropometric,12:94089999:C:T,-1
anthropometric,17:1830356:C:T,-1
anthropometric,19:36904585:G:A,-1
anthropometric,20:50687973:G:A,-1
anthropometric,22:47852481:G:T,-1
behavioural,1:85290409:T:C,1
behavioural,4:106451311:G:A,1
behavioural,4:106463713:C:T,-1
behavioural,10:92632899:T:G,1
behavioural,12:72125285:A:G,-1
behavioural,17:6607018:G:A,1
behavioural,18:3522006:T:C,1
behavioural,18:70442068:C:T,-1
behavioural,22:44968530:G:A,1
behavioural,3:62478194:C:T,-1
behavioural,3:103245092:C:T,-1
behavioural,3:103292226:G:A,1
behavioural,3:103307642:T:G,1
behavioural,3:103331483:G:A,1
behavioural,3:103345439:A:G,-1
behavioural,3:103359218:C:T,-1
behavioural,3:103363061:A:C,-1
behavioural,3:103380852:T:C,1
behavioural,3:103397769:T:C,1
behavioural,3:103400082:G:A,1
behavioural,3:103403514:C:T,-1
behavioural,3:103438874:G:A,1
behavioural,10:3418124:C:T,-1
behavioural,14:32851025:G:A,1
behavioural,14:72432149:G:A,1
behavioural,2:76240361:G:T,-1
behavioural,2:76375711:C:T,-1
behavioural,9:120137758:C:T,-1
behavioural,11:64584231:G:A,1
behavioural,13:86690527:G:T,-1
behavioural,14:53837485:G:A,1
behavioural,1:66279125:A:G,-1
behavioural,1:238724741:A:G,-1
behavioural,3:10774759:C:T,-1
behavioural,3:120043836:C:T,-1
behavioural,3:143772247:T:C,1
behavioural,3:143778708:A:C,-1
behavioural,5:15582005:T:G,1
behavioural,10:91962670:A:G,-1
behavioural,10:91963463:T:C,1
behavioural,11:82723072:T:C,1
behavioural,12:23639917:A:G,-1
behavioural,22:45011761:G:A,1
behavioural,2:52703590:G:A,1
behavioural,2:111707405:C:T,-1
behavioural,5:23244025:C:T,-1
behavioural,6:100957344:T:C,1
behavioural,6:101395407:G:A,1
behavioural,6:166128638:G:A,1
behavioural,9:128831097:T:C,1
behavioural,10:5009759:G:T,-1
behavioural,14:62732664:T:C,1
behavioural,18:40023782:G:A,1
behavioural,18:40058882:T:C,1
behavioural,18:40075956:C:T,-1
behavioural,18:40102641:C:A,1
behavioural,18:40105657:T:C,1
behavioural,21:42471628:A:G,-1
behavioural,1:8338355:G:A,1
behavioural,1:188379428:C:A,1
behavioural,1:207032751:C:T,-1
behavioural,2:55081376:C:T,-1
behavioural,3:74627703:T:C,1
behavioural,3:112681585:A:G,-1
behavioural,4:9790712:T:C,1
behavioural,5:77987524:A:G,-1
behavioural,6:117844072:A:G,-1
behavioural,7:131829128:C:T,-1
behavioural,11:63173684:T:G,1
behavioural,12:16609038:T:C,1
behavioural,13:36771017:C:T,-1
behavioural,17:831667:C:T,-1
behavioural,17:12804550:A:G,-1
behavioural,17:43212963:G:T,-1
behavioural,2:100818479:C:T,1
behavioural,2:199385721:C:T,1
behavioural,16:28837515:T:C,1
behavioural,2:162092640:G:A,-1
behavioural,6:26510564:T:C,1
behavioural,16:82457733:A:G,1
behavioural,21:15681994:G:A,-1
behavioural,1:116740450:C:A,-1
behavioural,1:162319524:A:G,1
behavioural,4:12769232:T:C,1
behavioural,7:13560221:C:A,-1
behavioural,13:70810223:G:A,-1
behavioural,14:61895045:T:C,1
behavioural,14:83378003:T:G,1
behavioural,16:73713683:C:T,-1
behavioural,19:1423199:A:G,1
behavioural,1:8425900:T:C,1
behavioural,1:72635996:C:A,-1
behavioural,1:98562260:T:C,1
behavioural,1:116427567:C:T,-1
behavioural,1:159175354:G:A,-1
behavioural,1:204589101:G:A,-1
behavioural,1:208994936:C:T,-1
behavioural,1:243412936:T:C,1
behavioural,2:57404834:G:A,-1
behavioural,2:100806514:T:C,1
behavioural,2:101322309:C:A,-1
behavioural,2:128256057:T:G,1
behavioural,2:161572781:G:A,-1
behavioural,2:162867613:G:A,-1
behavioural,2:199451092:A:G,1
behavioural,2:220146402:C:T,-1
behavioural,2:237105518:G:A,-1
behavioural,3:49731861:G:T,-1
behavioural,4:170873844:G:A,-1
behavioural,5:107397215:C:A,-1
behavioural,5:113852050:T:C,1
behavioural,6:33689520:C:T,-1
behavioural,6:98553894:G:A,-1
behavioural,7:13922141:C:T,-1
behavioural,8:19327959:G:A,-1
behavioural,8:68427547:T:C,1
behavioural,8:145744429:C:T,-1
behavioural,9:1721478:T:C,1
behavioural,9:7649442:G:T,-1
behavioural,9:23379719:A:G,1
behavioural,9:118209071:A:C,1
behavioural,9:124594339:C:T,-1
behavioural,9:126110306:A:C,1
behavioural,10:4137661:T:G,1
behavioural,10:12431367:C:T,-1
behavioural,10:65133822:A:G,1
behavioural,10:79253261:C:A,-1
behavioural,10:103802408:A:G,1
behavioural,11:20215756:C:T,-1
behavioural,12:56491880:T:G,1
behavioural,12:82090616:C:A,-1
behavioural,12:123822711:G:A,-1
behavioural,13:58653695:G:A,-1
behavioural,14:36994802:A:G,1
behavioural,14:84980036:A:G,1
behavioural,15:47702442:G:A,-1
behavioural,16:77007437:T:G,1
behavioural,16:79155917:C:T,-1
behavioural,18:35351726:C:T,-1
behavioural,18:44736336:C:T,-1
behavioural,20:10277452:A:C,1
behavioural,20:55561000:C:T,-1
behavioural,21:35016137:G:A,-1
behavioural,21:42629895:A:G,1
behavioural,2:207646674:A:G,-1
behavioural,1:4853688:T:C,-1
behavioural,1:96255065:C:T,1
behavioural,2:77555906:C:T,1
behavioural,4:168522751:T:C,1
behavioural,5:50529175:G:A,-1
behavioural,8:21520248:T:C,1
behavioural,8:65303535:A:G,1
behavioural,11:79441694:T:C,1
behavioural,11:134100499:G:A,-1
behavioural,16:26451443:T:C,1
behavioural,18:74450640:A:G,1
behavioural,20:19852250:T:C,1
behavioural,20:56252956:C:T,-1
behavioural,22:17718606:T:C,1
behavioural,3:118101726:G:A,-1
behavioural,5:164576968:G:T,-1
behavioural,7:142585006:T:C,1
behavioural,8:38781040:C:A,-1
behavioural,20:12689601:T:C,1
behavioural,1:37242743:G:A,-1
behavioural,2:58169418:G:A,-1
behavioural,7:7705275:A:G,1
behavioural,17:8965272:G:A,-1
behavioural,17:43857989:T:G,1
behavioural,18:35295330:C:T,-1
behavioural,1:8490603:T:C,1
behavioural,1:73615892:G:A,-1
behavioural,1:74161795:T:C,1
behavioural,1:77989923:T:C,1
behavioural,1:91189731:C:T,-1
behavioural,1:98395881:G:T,-1
behavioural,1:98572382:G:A,-1
behavioural,1:199315998:C:T,-1
behavioural,1:204587047:G:A,-1
behavioural,1:211737950:T:C,1
behavioural,2:10961474:T:C,1
behavioural,2:51080481:T:C,1
behavioural,2:60632924:G:A,-1
behavioural,2:65608363:A:G,1
behavioural,2:100306378:A:G,1
behavioural,2:100753490:C:T,-1
behavioural,2:100821548:C:A,-1
behavioural,2:100924822:G:A,-1
behavioural,2:101328728:G:T,-1
behavioural,2:144152539:T:C,1
behavioural,2:155451738:T:G,1
behavioural,2:161854736:G:A,-1
behavioural,2:161920884:T:C,1
behavioural,2:162818621:C:T,-1
behavioural,2:193802478:A:G,1
behavioural,2:202880230:A:G,1
behavioural,2:226609241:T:G,1
behavioural,3:47901803:C:A,-1
behavioural,3:48370424:T:C,1
behavioural,3:48682658:C:T,-1
behavioural,3:48731487:G:T,-1
behavioural,3:48982335:C:T,-1
behavioural,3:49250007:C:T,-1
behavioural,3:49391082:C:T,-1
behavioural,3:49768927:T:C,1
behavioural,3:50056265:G:A,-1
behavioural,3:50075494:A:G,1
behavioural,3:50174844:C:A,-1
behavioural,3:71579022:C:A,-1
behavioural,3:85674790:A:G,1
behavioural,3:127143885:C:T,-1
behavioural,4:3249828:T:C,1
behavioural,4:28720915:A:G,1
behavioural,4:106144735:A:C,1
behavioural,4:140945966:C:T,-1
behavioural,5:57566494:T:C,1
behavioural,5:60111579:A:G,1
behavioural,5:60554934:C:T,-1
behavioural,5:62918416:C:A,-1
behavioural,5:88106258:T:C,1
behavioural,5:106774922:A:G,1
behavioural,5:113866598:G:A,-1
behavioural,5:120102028:T:C,1
behavioural,6:14723608:T:C,1
behavioural,6:16662928:A:G,1
behavioural,6:16950631:C:T,-1
behavioural,6:26325888:T:C,1
behavioural,6:98187291:T:C,1
behavioural,6:98346801:A:G,1
behavioural,6:98549801:A:C,1
behavioural,6:98557732:G:A,-1
behavioural,7:11871787:G:A,-1
behavioural,7:39090698:A:C,1
behavioural,7:71741797:C:T,-1
behavioural,7:72247800:G:A,-1
behavioural,7:99531755:A:G,1
behavioural,7:100077273:A:G,1
behavioural,7:113904061:C:T,-1
behavioural,7:128402782:G:A,-1
behavioural,7:133302345:A:G,1
behavioural,7:135237096:C:A,-1
behavioural,7:137049477:G:A,-1
behavioural,8:145686505:C:T,-1
behavioural,9:1787687:G:A,-1
behavioural,9:14075095:G:A,-1
behavioural,9:23358081:G:A,-1
behavioural,9:88006338:A:G,1
behavioural,9:96238731:C:T,-1
behavioural,9:124618386:T:C,1
behavioural,10:65066186:G:T,-1
behavioural,10:67965010:T:G,1
behavioural,10:68689083:A:G,1
behavioural,11:12748819:A:G,1
behavioural,11:90424638:T:C,1
behavioural,11:131291728:A:G,1
behavioural,12:14595756:G:A,-1
behavioural,12:56416928:A:C,1
behavioural,12:92154270:G:A,-1
behavioural,13:58358159:G:A,-1
behavioural,14:23387585:A:G,1
behavioural,14:29629456:A:G,1
behavioural,15:47613593:T:C,1
behavioural,15:47686662:G:A,-1
behavioural,15:66009248:G:A,-1
behavioural,15:78007213:C:T,-1
behavioural,16:51183728:C:A,-1
behavioural,17:18787828:A:C,1
behavioural,18:35159124:C:T,-1
behavioural,18:44768024:T:C,1
behavioural,18:50735418:C:T,-1
behavioural,18:75907992:C:T,-1
behavioural,19:13171424:T:C,1
behavioural,19:16694610:T:C,1
behavioural,20:59832791:T:C,1
behavioural,22:51121416:T:G,1
behavioural,1:72828183:T:C,-1
behavioural,1:204586812:C:T,1
behavioural,3:49914397:T:C,-1
behavioural,4:176839335:A:G,-1
behavioural,7:71751316:A:G,-1
behavioural,7:92654365:G:A,1
behavioural,12:92112418:A:G,-1
behavioural,18:35215517:C:T,1
behavioural,1:18021858:T:C,1
behavioural,1:84835699:C:T,-1
behavioural,1:181698693:G:A,-1
behavioural,1:197754741:A:G,1
behavioural,1:225893401:C:T,-1
behavioural,2:2775739:G:A,-1
behavioural,2:43257545:C:T,-1
behavioural,2:58656718:T:C,1
behavioural,2:64381259:T:G,1
behavioural,2:110929173:G:A,-1
behavioural,2:112948954:C:T,-1
behavioural,2:135341200:A:G,1
behavioural,2:163420424:A:G,1
behavioural,2:194005007:C:A,-1
behavioural,2:195871819:C:T,-1
behavioural,2:203693277:G:A,-1
behavioural,2:221639978:A:G,1
behavioural,2:240349095:G:A,-1
behavioural,3:34467077:T:C,1
behavioural,3:34582993:A:C,1
behavioural,4:7632038:G:A,-1
behavioural,4:10096134:G:A,-1
behavioural,4:90757505:T:C,1
behavioural,4:91017611:C:T,-1
behavioural,4:124975232:C:A,-1
behavioural,4:183933386:C:T,-1
behavioural,5:45801146:C:T,-1
behavioural,5:143467718:T:C,1
behavioural,5:164471700:G:A,-1
behavioural,6:3961288:C:T,-1
behavioural,6:4223941:A:G,1
behavioural,6:6313384:A:C,1
behavioural,6:19823890:G:A,-1
behavioural,6:27047256:G:A,-1
behavioural,6:46373058:A:C,1
behavioural,6:70593803:C:T,-1
behavioural,6:120267538:G:A,-1
behavioural,6:131143142:G:A,-1
behavioural,7:21983077:G:A,-1
behavioural,7:24707858:G:A,-1
behavioural,7:32300376:C:A,-1
behavioural,7:139372966:T:C,1
behavioural,8:11105077:C:T,-1
behavioural,8:27284692:C:T,-1
behavioural,9:310672:T:G,1
behavioural,9:11115945:A:G,1
behavioural,9:11863917:A:G,1
behavioural,9:23378220:A:G,1
behavioural,10:424145:G:A,-1
behavioural,10:58560883:G:A,-1
behavioural,10:100670906:A:G,1
behavioural,10:130877558:G:A,-1
behavioural,10:134205355:G:A,-1
behavioural,11:45193779:G:A,-1
behavioural,11:74117462:T:C,1
behavioural,11:92743239:T:C,1
behavioural,11:99500748:A:C,1
behavioural,11:113364803:C:T,-1
behavioural,11:116126804:G:A,-1
behavioural,12:74367283:G:T,-1
behavioural,12:75496463:T:G,1
behavioural,12:81430043:T:C,1
behavioural,12:94426468:G:T,-1
behavioural,12:118375486:A:G,1
behavioural,12:122988843:C:A,-1
behavioural,13:55466383:T:C,1
behavioural,16:7662489:G:T,-1
behavioural,16:59649779:A:G,1
behavioural,18:50746748:C:T,-1
behavioural,18:51254450:T:C,1
behavioural,18:52857732:A:G,1
behavioural,18:69353970:G:A,-1
behavioural,19:46411720:G:A,-1
behavioural,19:46433733:A:G,1
behavioural,8:11061792:C:T,-1
behavioural,2:222213043:A:G,-1
behavioural,7:128460756:G:A,1
behavioural,9:115452909:C:A,1
behavioural,16:72259192:T:G,-1
behavioural,1:37202767:G:A,1
behavioural,1:181740924:A:G,-1
behavioural,2:22479075:T:C,-1
behavioural,2:58217344:G:A,1
behavioural,2:58383820:C:T,1
behavioural,2:58485694:T:C,-1
behavioural,2:148618754:A:G,-1
behavioural,2:148729050:T:C,-1
behavioural,2:148931461:C:T,1
behavioural,2:157145541:G:T,1
behavioural,2:185462041:T:C,-1
behavioural,2:215453227:A:G,-1
behavioural,3:35693167:G:A,1
behavioural,3:40380156:G:A,1
behavioural,3:107199709:T:C,-1
behavioural,3:135814009:G:A,1
behavioural,3:136154828:C:T,1
behavioural,3:136288405:G:A,1
behavioural,3:136398387:A:G,-1
behavioural,3:136500733:T:G,-1
behavioural,3:136615268:G:A,1
behavioural,3:136760598:G:A,1
behavioural,3:157493952:T:C,-1
behavioural,4:24495967:A:G,-1
behavioural,4:183166469:G:A,1
behavioural,5:93098071:T:C,-1
behavioural,5:93213469:C:A,1
behavioural,5:107731010:G:A,1
behavioural,6:98332859:A:G,-1
behavioural,6:98521600:A:G,-1
behavioural,6:100953148:G:A,1
behavioural,6:101059629:T:C,-1
behavioural,6:126792095:A:G,-1
behavioural,7:2032803:C:T,1
behavioural,7:73925943:C:T,1
behavioural,7:86294952:C:T,1
behavioural,7:113865735:T:C,-1
behavioural,7:126385731:G:A,1
behavioural,7:126496513:A:G,-1
behavioural,8:8094870:G:A,1
behavioural,8:8363897:T:C,-1
behavioural,8:8914757:T:C,-1
behavioural,8:9033093:G:A,1
behavioural,8:9167242:A:C,-1
behavioural,8:9380132:A:G,-1
behavioural,8:9796321:C:T,1
behavioural,8:10240202:G:T,1
behavioural,8:10607400:C:T,1
behavioural,8:10811829:T:C,-1
behavioural,8:11078949:G:A,1
behavioural,8:11179458:G:T,1
behavioural,8:11433780:T:C,-1
behavioural,8:11589042:A:G,-1
behavioural,8:11755055:C:A,1
behavioural,8:12179357:T:C,-1
behavioural,9:11155055:G:T,1
behavioural,9:11453149:A:G,-1
behavioural,9:11651144:A:G,-1
behavioural,9:23293756:C:T,1
behavioural,9:23737627:A:G,-1
behavioural,9:28576106:C:T,1
behavioural,9:28682261:A:G,-1
behavioural,9:98236664:C:T,1
behavioural,10:119301703:T:G,-1
behavioural,11:13288698:G:T,1
behavioural,11:16355771:A:G,-1
behavioural,11:31850105:G:T,1
behavioural,11:47796062:T:C,-1
behavioural,11:57657141:G:A,1
behavioural,11:88693073:T:C,-1
behavioural,11:88976933:T:C,-1
behavioural,11:113377488:C:A,1
behavioural,11:126980865:G:A,1
behavioural,12:109879292:T:C,-1
behavioural,12:117160976:T:C,-1
behavioural,12:117669914:G:A,1
behavioural,13:69370301:G:T,1
behavioural,14:69704052:A:G,-1
behavioural,14:72170969:G:A,1
behavioural,14:75270635:T:C,-1
behavioural,14:75374899:C:T,1
behavioural,15:46316484:T:C,-1
behavioural,15:47518807:T:G,-1
behavioural,15:64952699:T:G,-1
behavioural,15:77999436:A:G,-1
behavioural,15:78114052:A:G,-1
behavioural,15:86940622:T:C,-1
behavioural,16:6310645:G:A,1
behavioural,16:7666842:G:A,1
behavioural,16:31004812:T:C,-1
behavioural,16:87445363:G:A,1
behavioural,17:43573419:C:T,1
behavioural,17:44098967:G:A,1
behavioural,17:44773783:A:G,-1
behavioural,17:44874453:C:T,1
behavioural,17:79082081:A:G,-1
behavioural,18:26556001:T:G,-1
behavioural,18:35185858:A:G,-1
behavioural,18:35361130:C:T,1
behavioural,18:39304176:C:T,1
behavioural,18:52795084:T:C,-1
behavioural,18:53067954:G:A,1
behavioural,20:33435161:G:T,1
behavioural,22:41753603:G:A,1
behavioural,22:41854446:C:T,1
behavioural,1:20877812:T:C,1
behavioural,1:20882523:A:G,1
behavioural,1:20976535:G:A,-1
behavioural,1:32047632:G:T,-1
behavioural,1:32062066:G:T,-1
behavioural,1:32099041:G:A,-1
behavioural,1:32126135:C:T,-1
behavioural,1:32135773:A:G,1
behavioural,1:32139635:C:T,-1
behavioural,1:32142354:G:T,-1
behavioural,1:41493811:C:T,-1
behavioural,1:41745035:C:T,-1
behavioural,1:41748897:G:T,-1
behavioural,1:41750648:C:A,-1
behavioural,1:41832861:C:T,-1
behavioural,1:41833089:T:G,1
behavioural,1:41837173:C:T,-1
behavioural,1:41851415:C:T,-1
behavioural,1:44054994:G:A,-1
behavioural,1:44062154:C:T,-1
behavioural,1:44072420:A:G,1
behavioural,1:44198531:A:G,1
behavioural,1:44229597:G:A,-1
behavioural,1:44373409:A:G,1
behavioural,1:44379957:G:A,-1
behavioural,1:59561367:G:A,-1
behavioural,1:69171869:A:G,1
behavioural,1:69427576:A:C,1
behavioural,1:71426569:T:C,1
behavioural,1:71801039:A:C,1
behavioural,1:71907540:C:T,-1
behavioural,1:72114787:G:A,-1
behavioural,1:72153088:G:A,-1
behavioural,1:72461382:C:T,-1
behavioural,1:72516287:T:C,1
behavioural,1:72554093:C:T,-1
behavioural,1:72562478:G:A,-1
behavioural,1:72588119:A:G,1
behavioural,1:72610879:G:T,-1
behavioural,1:72632885:A:G,1
behavioural,1:72634912:A:G,1
behavioural,1:72735458:T:C,1
behavioural,1:72749848:T:C,1
behavioural,1:72751185:T:C,1
behavioural,1:72837490:C:T,-1
behavioural,1:72844514:T:C,1
behavioural,1:91135864:A:C,1
behavioural,1:96167510:C:A,-1
behavioural,1:96169760:G:A,-1
behavioural,1:96170953:A:G,1
behavioural,1:96187319:G:A,-1
behavioural,1:96247835:G:A,-1
behavioural,1:98288581:T:C,1
behavioural,1:98618714:T:C,1
behavioural,1:103591465:G:A,-1
behavioural,1:109840629:G:A,-1
behavioural,1:109967104:C:A,-1
behavioural,1:110030945:A:G,1
behavioural,1:110048436:C:A,-1
behavioural,1:181535715:G:A,-1
behavioural,1:211619703:G:A,-1
behavioural,1:211674383:T:C,1
behavioural,1:216871412:A:G,1
behavioural,2:24061034:T:C,1
behavioural,2:57178443:T:C,1
behavioural,2:57405979:G:A,-1
behavioural,2:57826028:G:A,-1
behavioural,2:57923006:T:G,1
behavioural,2:59139507:T:C,1
behavioural,2:60710571:G:A,-1
behavioural,2:60713235:A:G,1
behavioural,2:60723266:G:A,-1
behavioural,2:68470425:T:G,1
behavioural,2:68503044:G:A,-1
behavioural,2:71533300:T:C,1
behavioural,2:73358292:A:G,1
behavioural,2:73387228:A:G,1
behavioural,2:73483057:T:C,1
behavioural,2:73610743:C:T,-1
behavioural,2:99679099:G:A,-1
behavioural,2:100191545:G:A,-1
behavioural,2:100289102:C:T,-1
behavioural,2:100341568:G:A,-1
behavioural,2:100348673:C:T,-1
behavioural,2:100516638:T:C,1
behavioural,2:100577421:C:T,-1
behavioural,2:100602759:C:T,-1
behavioural,2:100686173:C:T,-1
behavioural,2:100729293:T:C,1
behavioural,2:100805128:T:C,1
behavioural,2:100825367:C:T,-1
behavioural,2:100852734:C:T,-1
behavioural,2:100876789:G:A,-1
behavioural,2:100912463:A:G,1
behavioural,2:100936369:T:C,1
behavioural,2:100958804:C:A,-1
behavioural,2:101029002:G:A,-1
behavioural,2:101044795:G:A,-1
behavioural,2:101052583:C:T,-1
behavioural,2:101147456:G:A,-1
behavioural,2:101317260:C:A,-1
behavioural,2:101321075:G:A,-1
behavioural,2:107613912:T:C,1
behavioural,2:117323073:G:A,-1
behavioural,2:144183002:G:A,-1
behavioural,2:144248762:G:A,-1
behavioural,2:144250487:C:T,-1
behavioural,2:144255201:T:C,1
behavioural,2:144272376:C:T,-1
behavioural,2:155443386:C:T,-1
behavioural,2:155547853:G:A,-1
behavioural,2:156013297:C:T,-1
behavioural,2:156883940:A:G,1
behavioural,2:156911600:G:T,-1
behavioural,2:157490425:T:C,1
behavioural,2:157493292:T:G,1
behavioural,2:161362830:T:C,1
behavioural,2:161380888:G:A,-1
behavioural,2:161812352:C:T,-1
behavioural,2:161877176:C:T,-1
behavioural,2:161923520:C:A,-1
behavioural,2:162852079:G:T,-1
behavioural,2:162910403:A:G,1
behavioural,2:166667204:G:A,-1
behavioural,2:183376487:T:C,1
behavioural,2:199514275:A:G,1
behavioural,2:200402624:T:C,1
behavioural,2:212635589:C:T,-1
behavioural,3:16851202:A:G,1
behavioural,3:23847211:C:A,-1
behavioural,3:23961762:A:G,1
behavioural,3:23962646:A:G,1
behavioural,3:23990586:G:A,-1
behavioural,3:24070055:T:C,1
behavioural,3:24113697:T:C,1
behavioural,3:48708347:C:T,-1
behavioural,3:49468689:A:C,1
behavioural,3:49476806:T:C,1
behavioural,3:49606188:A:C,1
behavioural,3:49658084:A:G,1
behavioural,3:49772647:A:G,1
behavioural,3:49860854:T:C,1
behavioural,3:49907111:C:A,-1
behavioural,3:49911155:G:A,-1
behavioural,3:49970310:G:A,-1
behavioural,3:50067350:T:C,1
behavioural,3:50117312:T:G,1
behavioural,3:50174572:C:T,-1
behavioural,3:50174886:T:C,1
behavioural,3:50176589:C:T,-1
behavioural,3:50201924:G:T,-1
behavioural,3:50202231:T:C,1
behavioural,3:50207227:C:T,-1
behavioural,3:50217558:C:T,-1
behavioural,3:50438793:T:C,1
behavioural,3:52556890:A:G,1
behavioural,3:52567014:G:T,-1
behavioural,3:52584715:A:G,1
behavioural,3:52720080:A:C,1
behavioural,3:52745087:T:C,1
behavioural,3:52986012:T:C,1
behavioural,3:71549639:T:C,1
behavioural,3:71675423:G:A,-1
behavioural,3:85397118:T:C,1
behavioural,3:85800077:T:C,1
behavioural,3:108112520:C:T,-1
behavioural,3:123653909:A:C,1
behavioural,3:127145164:T:C,1
behavioural,3:137015487:A:G,1
behavioural,3:137037058:A:G,1
behavioural,3:137068013:C:T,-1
behavioural,3:137121243:T:C,1
behavioural,4:705884:G:A,-1
behavioural,4:2717690:C:T,-1
behavioural,4:25408838:G:A,-1
behavioural,4:67804304:G:T,-1
behavioural,4:68034719:G:A,-1
behavioural,4:88342369:A:G,1
behavioural,4:94579511:G:A,-1
behavioural,4:103001649:G:T,-1
behavioural,4:103112470:A:G,1
behavioural,4:103112813:A:C,1
behavioural,4:103133044:C:T,-1
behavioural,4:103190229:T:C,1
behavioural,4:103228830:C:T,-1
behavioural,4:103388441:T:C,1
behavioural,4:106049147:G:A,-1
behavioural,4:106120756:T:G,1
behavioural,4:106216667:A:G,1
behavioural,4:106220558:T:G,1
behavioural,4:106233359:G:A,-1
behavioural,4:106267729:T:C,1
behavioural,4:106319836:T:G,1
behavioural,4:140773858:C:T,-1
behavioural,4:140804901:A:C,1
behavioural,4:152604031:G:A,-1
behavioural,4:152827979:G:A,-1
behavioural,4:159726345:T:G,1
behavioural,5:59634544:G:A,-1
behavioural,5:59825300:T:C,1
behavioural,5:59981085:C:A,-1
behavioural,5:60098267:A:G,1
behavioural,5:60531220:T:G,1
behavioural,5:60615886:A:G,1
behavioural,5:60823170:G:T,-1
behavioural,5:62991802:G:T,-1
behavioural,5:67625070:T:C,1
behavioural,5:87939654:C:T,-1
behavioural,5:87949118:T:G,1
behavioural,5:87968953:C:T,-1
behavioural,5:87999371:C:T,-1
behavioural,5:88000636:C:T,-1
behavioural,5:88005254:G:A,-1
behavioural,5:88029208:T:C,1
behavioural,5:88042019:G:A,-1
behavioural,5:88107337:C:A,-1
behavioural,5:88163771:G:A,-1
behavioural,5:88181109:T:G,1
behavioural,5:89216233:C:T,-1
behavioural,5:102682145:A:G,1
behavioural,5:102726073:C:T,-1
behavioural,5:107173193:G:A,-1
behavioural,5:109156184:A:G,1
behavioural,5:113875957:T:C,1
behavioural,5:139558584:C:T,-1
behavioural,5:139712239:G:A,-1
behavioural,5:139714564:C:T,-1
behavioural,5:165408059:C:T,-1
behavioural,5:165473194:A:G,1
behavioural,5:165495491:T:C,1
behavioural,6:3446263:G:A,-1
behavioural,6:11508671:A:C,1
behavioural,6:16952899:T:G,1
behavioural,6:16972975:A:G,1
behavioural,6:19036035:T:C,1
behavioural,6:21949064:G:A,-1
behavioural,6:25365888:C:T,-1
behavioural,6:25514179:G:A,-1
behavioural,6:25769024:T:C,1
behavioural,6:25803712:A:G,1
behavioural,6:25812069:A:G,1
behavioural,6:26044369:A:G,1
behavioural,6:26079185:C:T,-1
behavioural,6:26091336:T:C,1
behavioural,6:26158079:A:C,1
behavioural,6:26199903:C:T,-1
behavioural,6:26342749:T:C,1
behavioural,6:26388672:C:T,-1
behavioural,6:26393021:G:A,-1
behavioural,6:26404374:A:G,1
behavioural,6:26404694:C:T,-1
behavioural,6:26466035:A:C,1
behavioural,6:26485573:A:G,1
behavioural,6:26489607:C:T,-1
behavioural,6:26499185:C:T,-1
behavioural,6:26664268:T:C,1
behavioural,6:26907831:T:C,1
behavioural,6:26927602:G:A,-1
behavioural,6:26942027:T:C,1
behavioural,6:27046250:A:G,1
behavioural,6:27278020:C:A,-1
behavioural,6:27708732:A:G,1
behavioural,6:27806985:A:G,1
behavioural,6:79822924:C:T,-1
behavioural,6:79826148:C:T,-1
behavioural,6:98212409:C:T,-1
behavioural,6:98224217:G:A,-1
behavioural,6:98271019:T:C,1
behavioural,6:98287329:G:A,-1
behavioural,6:98289395:G:A,-1
behavioural,6:98297832:T:C,1
behavioural,6:98328774:C:T,-1
behavioural,6:98421991:T:C,1
behavioural,6:98537134:G:A,-1
behavioural,6:98539519:C:T,-1
behavioural,6:98540145:G:A,-1
behavioural,6:98578215:C:T,-1
behavioural,6:98582900:G:A,-1
behavioural,6:98585502:A:G,1
behavioural,6:98611300:A:G,1
behavioural,6:98621599:C:T,-1
behavioural,6:98664414:G:A,-1
behavioural,6:98790797:C:A,-1
behavioural,6:108856378:C:T,-1
behavioural,6:108858460:C:T,-1
behavioural,6:108864419:C:T,-1
behavioural,6:108865663:T:G,1
behavioural,6:108945370:A:C,1
behavioural,6:108951655:T:C,1
behavioural,6:109000742:A:G,1
behavioural,6:109009194:A:G,1
behavioural,6:109020332:T:C,1
behavioural,6:126704795:C:T,-1
behavioural,7:8109522:A:G,1
behavioural,7:21412762:T:G,1
behavioural,7:21417963:C:T,-1
behavioural,7:32211433:A:G,1
behavioural,7:32291761:T:C,1
behavioural,7:32955265:C:T,-1
behavioural,7:44774644:G:T,-1
behavioural,7:44800176:G:T,-1
behavioural,7:71770703:C:T,-1
behavioural,7:101884396:A:G,1
behavioural,7:104667334:G:A,-1
behavioural,7:127169897:C:T,-1
behavioural,7:127170015:C:T,-1
behavioural,7:127180667:A:G,1
behavioural,7:127186449:T:C,1
behavioural,7:128410012:G:A,-1
behavioural,7:132902015:G:A,-1
behavioural,7:132927792:T:C,1
behavioural,7:132945754:C:T,-1
behavioural,7:132954533:T:C,1
behavioural,7:133055603:C:T,-1
behavioural,7:133069682:C:T,-1
behavioural,7:133339343:G:A,-1
behavioural,7:133424909:T:C,1
behavioural,7:133606631:A:G,1
behavioural,7:133630463:C:T,-1
behavioural,7:133642742:G:A,-1
behavioural,7:133643778:T:G,1
behavioural,7:133680601:G:A,-1
behavioural,7:157534105:C:T,-1
behavioural,8:13955788:A:G,1
behavioural,8:30865733:A:C,1
behavioural,8:31019597:C:T,-1
behavioural,8:66470962:G:A,-1
behavioural,8:71102751:C:A,-1
behavioural,8:71351952:C:T,-1
behavioural,8:71352047:C:T,-1
behavioural,8:71367006:T:C,1
behavioural,8:85286774:C:T,-1
behavioural,8:93013666:G:A,-1
behavioural,8:93182601:G:A,-1
behavioural,8:142611971:C:T,-1
behavioural,8:142624527:G:T,-1
behavioural,8:143316970:A:G,1
behavioural,9:23344737:C:T,-1
behavioural,9:23347853:G:A,-1
behavioural,9:23357493:A:C,1
behavioural,9:23362311:G:T,-1
behavioural,9:23402640:T:C,1
behavioural,9:23762529:T:C,1
behavioural,9:72055175:A:G,1
behavioural,9:72103314:G:A,-1
behavioural,9:72998332:A:C,1
behavioural,9:96178967:G:A,-1
behavioural,9:96253439:T:C,1
behavioural,9:96362115:G:A,-1
behavioural,9:96436925:T:G,1
behavioural,9:99253082:C:T,-1
behavioural,9:124609265:G:A,-1
behavioural,10:25773094:A:G,1
behavioural,10:64840665:G:A,-1
behavioural,10:65091159:A:G,1
behavioural,10:65159580:T:C,1
behavioural,10:65180776:C:A,-1
behavioural,10:65336185:A:G,1
behavioural,10:65365385:C:T,-1
behavioural,10:93442240:T:C,1
behavioural,10:103541016:T:G,1
behavioural,10:103605714:T:C,1
behavioural,10:103815495:G:A,-1
behavioural,10:103831598:G:A,-1
behavioural,10:103842365:A:G,1
behavioural,10:104082688:T:G,1
behavioural,10:106947006:C:T,-1
behavioural,11:12822366:A:G,1
behavioural,11:12867214:T:C,1
behavioural,11:61291922:A:G,1
behavioural,11:89922230:A:G,1
behavioural,11:90389865:C:T,-1
behavioural,11:90430822:A:G,1
behavioural,11:90472975:C:A,-1
behavioural,11:90524290:C:A,-1
behavioural,12:13505496:G:A,-1
behavioural,12:14521182:T:C,1
behavioural,12:15543479:C:A,-1
behavioural,12:49389320:A:C,1
behavioural,12:49422094:A:G,1
behavioural,12:49661715:C:T,-1
behavioural,12:49947952:C:T,-1
behavioural,12:56401085:G:A,-1
behavioural,12:58302436:C:T,-1
behavioural,12:79584218:A:G,1
behavioural,12:110510470:A:G,1
behavioural,12:110594503:C:T,-1
behavioural,12:110597304:C:T,-1
behavioural,12:123575742:A:G,1
behavioural,12:123627016:T:C,1
behavioural,12:123751339:G:A,-1
behavioural,12:123757861:G:A,-1
behavioural,13:53625781:A:G,1
behavioural,13:58266222:C:T,-1
behavioural,13:58276365:G:A,-1
behavioural,13:58278527:A:G,1
behavioural,13:58288880:T:C,1
behavioural,13:58472642:A:C,1
behavioural,13:58691608:C:T,-1
behavioural,13:58701434:C:T,-1
behavioural,13:58711142:C:T,-1
behavioural,13:71257303:T:C,1
behavioural,13:106631574:C:T,-1
behavioural,13:106640634:T:G,1
behavioural,14:29569237:G:A,-1
behavioural,14:29685328:G:A,-1
behavioural,14:29694034:A:G,1
behavioural,14:29710453:A:G,1
behavioural,14:30074687:C:T,-1
behavioural,14:30190316:T:C,1
behavioural,14:33292743:A:C,1
behavioural,14:33299482:T:C,1
behavioural,14:33304431:T:C,1
behavioural,14:37030245:G:A,-1
behavioural,14:69575054:A:G,1
behavioural,14:69702328:T:C,1
behavioural,14:89723630:G:A,-1
behavioural,14:98547748:G:A,-1
behavioural,14:104017953:A:G,1
behavioural,15:40705417:G:A,-1
behavioural,15:51926808:G:T,-1
behavioural,15:51964210:C:A,-1
behavioural,15:52064376:C:T,-1
behavioural,15:65856805:G:T,-1
behavioural,15:66062575:T:G,1
behavioural,15:78034268:T:C,1
behavioural,15:82432715:T:C,1
behavioural,15:82530630:A:G,1
behavioural,15:82546946:T:G,1
behavioural,15:96911139:A:G,1
behavioural,16:12202572:A:G,1
behavioural,16:24727064:A:G,1
behavioural,16:24766841:T:C,1
behavioural,16:28298418:A:C,1
behavioural,16:28318440:A:G,1
behavioural,16:28336882:T:C,1
behavioural,16:28340945:A:G,1
behavioural,16:28379443:A:G,1
behavioural,16:28489342:G:A,-1
behavioural,16:28527221:C:T,-1
behavioural,16:28543381:G:A,-1
behavioural,16:28574615:A:G,1
behavioural,16:28826049:C:T,-1
behavioural,16:28977020:G:A,-1
behavioural,16:53412862:C:T,-1
behavioural,16:53452081:A:G,1
behavioural,16:53455383:C:T,-1
behavioural,16:71920144:G:A,-1
behavioural,16:72381460:T:C,1
behavioural,17:34943719:C:T,-1
behavioural,17:44800046:G:A,-1
behavioural,17:44863133:T:C,1
behavioural,17:56517034:G:A,-1
behavioural,17:56953147:C:T,-1
behavioural,17:61098296:G:T,-1
behavioural,18:25551961:G:A,-1
behavioural,18:50444281:G:A,-1
behavioural,18:50698926:G:A,-1
behavioural,18:50707292:A:G,1
behavioural,18:50716945:C:A,-1
behavioural,18:50724472:T:C,1
behavioural,18:50747956:G:A,-1
behavioural,18:50748499:A:G,1
behavioural,18:50776291:T:G,1
behavioural,18:50831176:A:G,1
behavioural,18:50907127:A:G,1
behavioural,18:50911758:T:C,1
behavioural,18:50931080:G:A,-1
behavioural,18:50972182:G:T,-1
behavioural,18:50984997:C:T,-1
behavioural,18:77578986:G:A,-1
behavioural,19:12971933:G:A,-1
behavioural,19:13114434:A:G,1
behavioural,19:18444809:A:G,1
behavioural,19:45814908:C:T,-1
behavioural,20:14702915:A:G,1
behavioural,20:44595649:G:A,-1
behavioural,20:47413079:A:G,1
behavioural,20:47422577:G:A,-1
behavioural,20:47433515:G:A,-1
behavioural,20:47473038:G:T,-1
behavioural,20:47477706:C:T,-1
behavioural,20:47499170:T:C,1
behavioural,20:47500404:G:T,-1
behavioural,20:47517896:A:G,1
behavioural,20:47526007:T:C,1
behavioural,20:47532536:A:G,1
behavioural,20:47840772:T:C,1
behavioural,20:47938626:C:T,-1
behavioural,20:58187375:C:A,-1
behavioural,20:58199218:C:T,-1
behavioural,20:58232736:T:C,1
behavioural,20:58235648:T:C,1
behavioural,22:34337383:C:T,-1
behavioural,22:35934614:A:G,1
behavioural,22:39840828:C:A,-1
behavioural,22:39930197:T:C,1
behavioural,22:39942234:T:C,1
behavioural,22:39972162:T:C,1
behavioural,22:39976128:C:A,-1
behavioural,22:39976186:C:T,-1
behavioural,22:39990775:C:T,-1
behavioural,22:42201517:A:G,1
behavioural,22:42540551:A:G,1
behavioural,22:44922275:G:A,-1
behavioural,22:51095286:C:T,-1
behavioural,22:51101899:C:A,-1
behavioural,22:51150473:G:A,-1
depleted,11:121435587:T:C,-1
depleted,11:47557871:T:C,1
depleted,11:59923508:A:G,-1
depleted,11:85867875:A:G,1
depleted,14:53391680:A:G,1
depleted,14:92926952:G:T,-1
depleted,18:29088958:C:T,-1
depleted,19:1056492:G:C,-1
depleted,19:45415713:G:A,1
depleted,19:51736383:G:C,-1
depleted,2:234068476:C:T,1
depleted,20:55015166:A:C,-1
depleted,5:88223420:G:A,1
depleted,6:47487762:A:G,1
depleted,7:100004446:C:T,1
depleted,7:143110762:G:A,-1
depleted,8:27195121:T:C,1
depleted,8:27467686:C:T,1
depleted,1:10566215:A:G,-1
depleted,1:114448389:C:T,1
depleted,1:145644984:C:T,-1
depleted,1:149927034:A:C,1
depleted,1:203766331:A:G,1
depleted,1:204518842:C:A,-1
depleted,1:242034263:A:G,1
depleted,10:114773927:A:G,1
depleted,10:123093901:C:T,-1
depleted,10:123340311:C:T,-1
depleted,10:123340431:GC:G,-1
depleted,10:123349324:A:T,-1
depleted,10:22032942:A:G,-1
depleted,10:5886734:C:T,-1
depleted,10:64288130:G:C,-1
depleted,10:80845746:G:A,-1
depleted,11:129461171:T:C,1
depleted,11:1909006:T:C,1
depleted,11:65583066:G:T,-1
depleted,11:69331642:C:G,1
depleted,11:69379161:C:A,1
depleted,12:115836522:A:G,-1
depleted,12:14413931:G:C,1
depleted,12:96027759:A:G,-1
depleted,13:32972626:A:T,1
depleted,13:73957681:A:G,1
depleted,14:37128564:C:A,-1
depleted,14:68660428:T:C,-1
depleted,14:69034682:C:T,-1
depleted,14:91841069:A:G,1
depleted,14:93104072:T:C,-1
depleted,15:91512067:G:A,-1
depleted,16:52599188:C:T,1
depleted,16:53813367:T:G,-1
depleted,16:53855291:A:T,-1
depleted,16:80650805:A:G,1
depleted,17:53209774:A:C,-1
depleted,17:77781725:A:G,-1
depleted,18:24337424:C:G,1
depleted,18:24570667:T:G,-1
depleted,18:42399590:A:G,-1
depleted,19:17401404:C:G,1
depleted,19:18570035:G:A,-1
depleted,19:44286513:A:G,-1
depleted,2:121245122:T:C,1
depleted,2:172974566:C:G,-1
depleted,2:174212894:G:A,1
depleted,2:19320803:T:C,-1
depleted,2:202181247:C:T,-1
depleted,2:217920769:G:T,-1
depleted,2:217963060:C:A,-1
depleted,2:218296508:C:T,1
depleted,21:16520832:G:A,-1
depleted,22:29121087:A:G,1
depleted,22:40875199:C:G,1
depleted,3:27416013:C:T,1
depleted,3:30682939:G:C,1
depleted,3:46866866:G:A,-1
depleted,3:4742276:A:G,1
depleted,3:63967900:A:G,1
depleted,4:106084778:C:T,1
depleted,4:175846426:C:A,-1
depleted,5:1297488:C:T,-1
depleted,5:158244083:C:T,-1
depleted,5:16187528:G:T,-1
depleted,5:32567732:C:T,1
depleted,5:44706498:A:G,1
depleted,5:56053535:T:C,1
depleted,5:58184061:T:C,1
depleted,5:58337481:T:G,-1
depleted,5:81538046:T:A,1
depleted,5:90732225:C:T,-1
depleted,6:13722523:G:A,-1
depleted,6:149608874:G:A,-1
depleted,6:151942194:T:G,1
depleted,6:152437016:T:C,1
depleted,6:82128386:T:C,1
depleted,7:130667121:C:T,-1
depleted,7:139942304:G:A,1
depleted,7:144074929:G:A,-1
depleted,7:91630620:G:T,1
depleted,8:117209548:A:G,-1
depleted,8:128352234:G:A,1
depleted,8:129194641:C:T,1
depleted,8:29509616:A:C,-1
depleted,8:36858483:A:G,-1
depleted,8:76230301:G:T,1
depleted,8:76419046:C:A,1
depleted,9:110306115:C:A,1
depleted,9:110837073:A:G,1
depleted,9:110837176:C:T,1
depleted,9:110895353:C:T,1
depleted,9:22062134:G:T,1
depleted,1:183081194:A:C,-1
depleted,1:222045446:G:T,1
depleted,1:222164948:A:G,1
depleted,10:101345366:C:T,1
depleted,10:114278871:A:T,1
depleted,10:114726843:G:A,1
depleted,10:80819132:A:G,1
depleted,10:8701219:G:A,-1
depleted,11:111171709:C:A,-1
depleted,11:61552680:G:T,-1
depleted,11:61565908:T:C,-1
depleted,11:61571478:T:C,-1
depleted,11:61597972:A:G,-1
depleted,11:74345550:T:G,1
depleted,12:115116352:T:A,-1
depleted,12:4368352:T:C,-1
depleted,12:4388271:C:T,1
depleted,12:4405389:A:G,1
depleted,12:50880216:T:C,-1
depleted,12:51155663:C:T,-1
depleted,12:6385727:C:T,1
depleted,14:54410919:T:C,1
depleted,14:54560018:T:C,-1
depleted,15:32993111:C:T,1
depleted,15:32994756:T:C,-1
depleted,16:68820946:G:A,-1
depleted,17:800593:T:C,1
depleted,18:46453463:T:C,-1
depleted,19:33532300:C:T,-1
depleted,19:41861674:C:T,1
depleted,19:41869392:T:C,-1
depleted,2:192587204:T:C,1
depleted,20:60920887:G:A,1
depleted,20:6404281:C:A,1
depleted,20:6699595:T:G,-1
depleted,20:7813298:A:T,1
depleted,3:169492101:C:T,-1
depleted,4:163337191:C:T,1
depleted,5:134499092:C:A,1
depleted,6:160840252:G:T,-1
depleted,6:36622900:C:A,1
depleted,8:117630683:A:C,1
depleted,8:128407443:A:G,-1
depleted,8:128413305:G:T,-1
depleted,8:128424792:A:G,-1
depleted,9:6365683:A:C,-1
depleted,1:172357441:G:T,-1
depleted,1:217718789:C:T,1
depleted,1:227254380:C:T,1
depleted,1:228191075:T:A,1
depleted,1:243471192:A:G,-1
depleted,1:25032168:G:A,1
depleted,11:27728102:G:A,-1
depleted,15:66867861:A:G,1
depleted,15:95312071:T:C,1
depleted,16:30927509:C:T,1
depleted,16:4938321:A:T,1
depleted,16:81574197:T:C,1
depleted,17:61556298:C:G,-1
depleted,18:48142854:T:G,-1
depleted,19:30294991:G:T,1
depleted,2:145645775:G:A,-1
depleted,2:179786068:T:C,1
depleted,2:191437024:A:G,-1
depleted,2:218668732:C:T,-1
depleted,2:25139318:C:T,-1
depleted,2:40567743:C:T,-1
depleted,2:43167878:A:C,-1
depleted,20:8626271:C:A,-1
depleted,3:138119952:T:C,1
depleted,3:154711854:C:T,-1
depleted,3:185313855:A:G,1
depleted,3:49913705:T:C,1
depleted,3:50476378:G:C,1
depleted,3:56585975:T:C,-1
depleted,4:120509972:G:A,1
depleted,5:173377817:G:A,-1
depleted,5:75038431:T:G,1
depleted,6:118575602:G:A,1
depleted,6:51834020:C:A,1
depleted,8:101677386:T:C,-1
depleted,8:144060955:G:A,-1
depleted,9:21801530:A:G,1
depleted,1:109817590:G:T,-1
depleted,1:110299165:G:GT,-1
depleted,1:151763246:G:A,1
depleted,1:154397932:C:T,-1
depleted,1:154911689:G:A,1
depleted,1:155764808:C:G,-1
depleted,1:159892088:G:A,-1
depleted,1:201872264:C:T,1
depleted,1:222823529:A:C,1
depleted,1:223132028:T:A,1
depleted,1:38386727:G:A,1
depleted,1:55496039:T:C,-1
depleted,1:56965664:C:T,-1
depleted,1:57015668:A:G,1
depleted,10:104604916:T:G,-1
depleted,10:30287398:C:T,-1
depleted,10:30323892:G:A,1
depleted,10:44313122:C:G,1
depleted,10:44480811:T:G,1
depleted,10:44777188:C:A,-1
depleted,10:74637326:T:C,-1
depleted,10:82170856:A:G,-1
depleted,10:82251514:T:C,-1
depleted,10:91002927:C:T,1
depleted,11:103673277:A:C,-1
depleted,11:13301548:A:T,1
depleted,11:65390803:G:A,-1
depleted,11:9335284:T:A,1
depleted,11:9751196:G:A,1
depleted,12:111835545:G:A,1
depleted,12:111904371:T:A,-1
depleted,12:121416988:A:G,1
depleted,12:125312425:G:C,1
depleted,12:125441159:T:C,-1
depleted,12:20220033:C:G,1
depleted,12:42796300:A:G,1
depleted,12:54177548:A:G,-1
depleted,12:57527283:T:C,1
depleted,12:62285075:A:T,1
depleted,12:90008959:A:G,1
depleted,13:110818102:T:A,-1
depleted,13:110954353:C:G,1
depleted,13:111040681:G:A,1
depleted,13:111049623:T:C,-1
depleted,13:111100780:C:T,1
depleted,13:111114176:C:A,-1
depleted,13:111380701:T:G,1
depleted,13:29022645:C:T,1
depleted,13:33057345:G:T,-1
depleted,13:42634693:G:A,-1
depleted,14:100145710:C:G,1
depleted,15:67455630:C:T,-1
depleted,15:78686823:A:G,-1
depleted,15:79121776:C:T,1
depleted,15:89574218:G:A,-1
depleted,15:91437388:A:T,1
depleted,15:96146414:A:C,-1
depleted,15:99219598:C:T,-1
depleted,16:75308440:TCAGCCTCCTGAG:T,1
depleted,17:2132324:T:C,-1
depleted,17:40565926:T:G,1
depleted,17:47060322:C:A,-1
depleted,17:47402807:C:T,1
depleted,17:59011296:T:A,1
depleted,17:59483766:C:T,1
depleted,17:73908566:A:C,-1
depleted,17:74256913:C:T,-1
depleted,18:57838401:G:A,1
depleted,19:10991827:G:A,-1
depleted,19:11188247:G:A,-1
depleted,19:11206575:G:A,-1
depleted,19:15982760:T:C,1
depleted,19:17795415:C:G,-1
depleted,19:17844894:A:G,1
depleted,19:41790086:GTTATGGTA:G,1
depleted,19:45422846:G:A,1
depleted,19:46190268:G:A,-1
depleted,2:144159905:A:C,-1
depleted,2:145258445:C:T,-1
depleted,2:145801113:G:A,1
depleted,2:163284067:T:C,-1
depleted,2:164945044:G:C,-1
depleted,2:19942473:G:A,1
depleted,2:202799924:T:C,-1
depleted,2:216245392:C:T,-1
depleted,2:216291359:C:T,-1
depleted,2:218688596:T:G,-1
depleted,2:236902252:C:G,1
depleted,2:43463637:T:C,1
depleted,2:72554292:C:G,-1
depleted,2:73167944:T:C,1
depleted,2:85788175:T:A,1
depleted,20:39780932:G:A,1
depleted,20:40964651:C:T,-1
depleted,20:48316027:C:T,1
depleted,21:30567941:G:T,1
depleted,21:35593827:G:A,1
depleted,21:35659776:G:A,1
depleted,22:30667277:T:C,1
depleted,3:135874294:G:C,1
depleted,3:138099161:T:TTTC,1
depleted,3:14928077:G:T,-1
depleted,3:153978289:C:T,1
depleted,3:172117455:AC:A,-1
depleted,4:119121695:C:T,-1
depleted,4:120901336:A:G,1
depleted,4:146782837:C:A,-1
depleted,4:148281001:C:G,-1
depleted,4:148400819:C:A,1
depleted,4:156408950:G:A,-1
depleted,4:156513518:T:C,-1
depleted,4:156620217:G:A,-1
depleted,4:38911595:G:A,-1
depleted,4:57838583:G:T,1
depleted,4:81184341:A:T,1
depleted,4:82625720:GT:G,-1
depleted,5:107343923:T:C,-1
depleted,5:107975671:A:G,-1
depleted,5:4012694:G:A,-1
depleted,5:53361606:T:C,1
depleted,6:12619932:ACTT:A,-1
depleted,6:126717064:A:G,-1
depleted,6:12903957:A:G,1
depleted,6:134173151:A:G,-1
depleted,6:134214227:G:A,-1
depleted,6:149755695:A:G,-1
depleted,6:149964105:T:A,1
depleted,6:160265331:CAG:C,-1
depleted,6:160679400:C:A,-1
depleted,6:161010118:A:G,1
depleted,6:161097871:A:G,1
depleted,6:161108536:C:T,1
depleted,6:161178140:C:T,1
depleted,6:161183526:G:A,-1
depleted,6:25597043:A:T,1
depleted,6:34773727:C:T,1
depleted,6:35713031:A:G,-1
depleted,6:37486052:G:A,-1
depleted,6:39134099:T:C,-1
depleted,6:5090056:C:T,-1
depleted,6:82442022:G:A,1
depleted,6:97060124:G:A,-1
depleted,7:107259721:T:C,-1
depleted,7:19049388:G:A,1
depleted,7:20292134:G:A,1
depleted,8:126478450:T:C,-1
depleted,8:142230002:AT:A,-1
depleted,8:26436109:C:T,1
depleted,8:26855424:C:A,-1
depleted,9:118826916:G:A,1
depleted,9:124412948:T:G,1
depleted,9:136149830:G:A,1
depleted,9:21155973:T:C,1
depleted,9:22074793:T:C,-1
depleted,9:22102437:G:A,-1
depleted,9:22124123:T:A,1
depleted,1:237146379:A:G,1
depleted,4:120723085:C:T,1
depleted,5:157820602:C:T,-1
depleted,10:96632253:T:C,1
depleted,19:45422846:G:A,1
depleted,20:52156847:T:G,1
depleted,10:105671527:T:C,-1
depleted,11:68918985:A:C,-1
depleted,11:69367118:A:C,-1
depleted,12:13075379:G:A,1
depleted,15:28335820:A:G,-1
depleted,2:38276549:A:G,-1
depleted,20:62269750:C:T,-1
depleted,3:169481271:C:G,-1
depleted,5:167522265:C:T,1
depleted,6:21163919:T:C,1
depleted,7:124396645:G:A,1
depleted,7:130753991:C:T,1
depleted,7:16984280:C:T,1
depleted,8:72851034:C:T,-1
depleted,9:109060830:T:C,-1
depleted,9:110698716:G:T,-1
depleted,11:68994667:A:G,1
depleted,12:49673158:A:G,1
depleted,12:53273904:G:A,1
depleted,17:36074979:G:A,-1
depleted,17:36101156:T:C,1
depleted,17:69108753:G:T,-1
depleted,19:38735480:G:A,-1
depleted,19:51364623:A:G,1
depleted,2:173311553:A:G,-1
depleted,22:43500212:G:T,-1
depleted,4:106061534:C:A,-1
depleted,6:109285189:A:G,1
depleted,6:117210052:T:C,-1
depleted,6:160833664:C:T,1
depleted,6:41536427:C:T,1
depleted,7:27976563:G:A,-1
depleted,8:128011937:T:C,-1
depleted,8:128093297:C:T,1
depleted,8:128095156:A:G,-1
depleted,8:128106880:A:C,1
depleted,8:128323181:T:C,-1
depleted,8:128340908:C:T,1
depleted,8:128413305:G:T,-1
depleted,8:128532137:T:C,-1
depleted,9:22041998:C:G,1
depleted,1:208024820:C:T,-1
depleted,1:38455891:G:C,1
depleted,1:56577346:A:C,1
depleted,1:59653742:A:G,-1
depleted,1:9441949:C:A,-1
depleted,10:30317073:G:A,1
depleted,10:32082658:T:C,1
depleted,11:117283676:T:C,-1
depleted,12:94880742:G:A,-1
depleted,14:98587630:T:C,1
depleted,17:42060631:A:G,1
depleted,17:6474096:C:T,1
depleted,17:7571752:T:G,-1
depleted,18:43097750:C:A,1
depleted,2:20881840:G:C,-1
depleted,2:216300482:T:A,-1
depleted,2:46363336:A:C,-1
depleted,2:65284231:A:T,-1
depleted,2:71627539:C:T,-1
depleted,2:85491365:T:C,-1
depleted,20:19465907:G:A,1
depleted,22:19983213:C:T,1
depleted,22:42038786:C:T,1
depleted,4:169717148:C:A,1
depleted,5:77837789:G:A,-1
depleted,6:121781390:T:C,-1
depleted,6:152397912:A:AC,1
depleted,6:159699125:C:G,-1
depleted,7:40447971:G:A,-1
depleted,8:141060747:G:A,-1
depleted,8:42324765:T:C,1
depleted,9:127900996:T:C,1
depleted,1:89360520:T:G,1
depleted,10:102604514:G:A,-1
depleted,12:26438189:G:A,1
depleted,14:53377540:T:C,1
depleted,14:63928710:T:C,-1
depleted,15:81013037:G:A,1
depleted,17:1353920:T:G,1
depleted,17:73949045:C:T,-1
depleted,2:208526140:T:C,1
depleted,2:28635740:T:C,-1
depleted,2:37517566:A:G,-1
depleted,4:106911742:G:C,1
depleted,5:127868199:G:A,1
depleted,5:87514515:G:T,-1
depleted,6:22130601:C:T,1
depleted,6:50615935:G:A,1
depleted,7:131059056:G:A,1
depleted,7:139463565:A:G,-1
depleted,8:135612745:A:G,1
depleted,21:40426768:A:G,1
depleted,4:156402382:T:C,1
depleted,4:39503196:A:G,-1
depleted,16:26323703:G:A,1
depleted,2:179349227:T:G,1
depleted,18:55952139:T:C,-1
depleted,18:74325253:G:T,-1
depleted,18:1565540:A:T,1
depleted,18:33986422:G:T,-1
depleted,17:64783539:C:T,-1
depleted,3:86636617:A:T,-1
depleted,3:77675479:A:T,-1
depleted,3:55420014:C:G,1
depleted,2:191227755:A:G,1
depleted,6:84277037:C:A,1
depleted,20:6620893:G:A,1
depleted,1:108018847:C:T,1
depleted,12:97439396:A:G,1
depleted,7:77486676:T:C,1
depleted,22:43624022:T:C,1
depleted,22:19564657:G:A,-1
depleted,13:55683505:G:T,1
depleted,13:40817751:T:C,1
depleted,13:39088367:G:A,-1
depleted,13:56290527:T:C,-1
depleted,13:55934157:A:G,1
depleted,13:58020265:T:A,-1
depleted,13:111015333:G:T,1
depleted,13:22453087:T:C,-1
depleted,6:41290458:G:A,-1
depleted,10:112488419:T:A,-1
depleted,14:34267925:A:T,-1
depleted,9:118640119:C:T,1
depleted,6:16418562:C:T,-1
depleted,6:18240002:T:C,1
depleted,6:51450906:C:T,-1
depleted,5:142792484:G:T,1
depleted,21:36481863:C:A,1
depleted,15:63039118:C:T,1
depleted,3:163838015:A:C,1
depleted,3:18447100:A:G,1
depleted,1:170290129:T:C,-1
depleted,2:198077950:C:A,1
depleted,7:116167208:C:T,1
depleted,10:5898224:G:A,-1
depleted,1:154991389:T:C,1
depleted,2:238533442:G:C,1
depleted,15:33769513:C:T,1
depleted,1:95297449:G:A,1
depleted,3:191441507:C:T,1
depleted,12:19531205:T:C,-1
depleted,3:62594450:A:G,-1
depleted,12:104002532:A:C,-1
depleted,13:111774868:T:C,-1
depleted,10:26512375:C:T,1
depleted,5:32539068:T:C,-1
depleted,19:39592303:C:T,-1
depleted,19:15655168:C:T,1
depleted,18:13857109:T:C,1
depleted,16:72998236:A:G,1
depleted,2:44702751:G:C,-1
depleted,15:73664310:T:G,1
depleted,15:86414948:T:C,-1
depleted,14:94485954:C:A,-1
depleted,20:44399538:G:A,1
depleted,13:21674899:C:T,-1
depleted,13:86753206:C:A,1
depleted,13:23371474:T:C,1
depleted,11:84524271:C:A,-1
depleted,11:132017367:C:T,1
depleted,10:4011350:A:G,-1
depleted,10:21134282:C:G,-1
depleted,10:97057643:G:A,1
depleted,9:95217930:C:T,-1
depleted,15:30167418:G:A,-1
depleted,8:13356141:G:C,1
depleted,8:78153243:C:T,1
depleted,8:5519379:C:T,-1
depleted,13:106202663:C:T,-1
depleted,7:150496437:G:C,1
depleted,6:142343409:T:C,1
depleted,6:75428815:C:T,1
depleted,6:66998783:T:C,-1
depleted,6:32855458:T:C,-1
depleted,12:26331146:C:T,1
depleted,4:21298221:G:T,-1
depleted,4:90227469:G:A,1
depleted,1:42239862:C:G,1
depleted,3:89530057:C:A,-1
depleted,3:38594973:T:G,-1
depleted,3:66835382:A:C,-1
depleted,3:74522679:G:A,1
depleted,22:37230208:G:A,-1
depleted,2:191498404:C:T,1
depleted,2:108643385:A:G,-1
depleted,2:177599851:G:A,1
depleted,2:142746083:G:A,-1
depleted,2:128050134:T:C,-1
depleted,1:154404406:A:C,-1
depleted,1:77559860:G:A,1
depleted,18:5829190:T:C,-1
depleted,3:129075638:A:G,1
depleted,16:79575023:C:T,1
depleted,17:62355081:T:C,-1
depleted,13:59938758:C:A,1
depleted,4:61995613:A:G,1
depleted,12:884889:T:A,-1
depleted,22:43918457:T:G,1
depleted,18:7736129:A:G,-1
depleted,20:44608901:G:A,1
depleted,20:41851935:G:A,1
depleted,18:32395456:G:A,1
depleted,10:26043071:A:G,1
depleted,18:29363000:G:A,1
depleted,15:71772995:C:T,1
depleted,15:86167786:T:A,-1
depleted,15:39597034:T:C,1
depleted,14:20797836:G:A,-1
depleted,5:81996389:A:G,1
depleted,14:58225619:G:T,1
depleted,14:90636206:G:A,-1
depleted,9:31489011:T:C,1
depleted,9:79960141:G:A,1
depleted,2:44702978:T:C,-1
depleted,7:100523:T:C,-1
depleted,7:71783116:C:A,-1
depleted,2:198688084:A:C,-1
depleted,7:101210116:A:G,1
depleted,6:36659932:C:T,-1
depleted,5:172770567:C:T,-1
depleted,5:38723810:G:C,1
depleted,5:172669771:A:G,-1
depleted,4:103936001:G:A,1
depleted,4:111765495:C:T,-1
depleted,4:111706275:A:G,1
depleted,3:178343683:C:T,-1
depleted,3:172046933:A:G,-1
depleted,3:46600520:A:G,1
depleted,3:60348977:A:G,-1
depleted,3:3647609:T:C,-1
depleted,2:70172587:G:A,-1
depleted,2:48642541:G:A,1
depleted,2:145835757:C:A,1
depleted,2:86390714:G:A,1
depleted,2:154440152:C:G,1
depleted,2:241882785:C:T,1
depleted,2:4548643:C:G,1
depleted,1:49070646:T:C,1
depleted,1:22270907:C:T,1
depleted,1:44111578:A:T,1
depleted,1:62126948:T:C,-1
depleted,1:160318940:A:G,-1
depleted,1:154814353:C:T,1
depleted,3:38795555:A:G,1
depleted,10:119621825:A:G,1
depleted,5:142928348:C:A,-1
depleted,14:93784292:A:C,-1
depleted,2:44392271:C:A,-1
depleted,1:211772763:G:C,1
depleted,13:94738136:A:G,1
depleted,10:76861680:T:C,-1
depleted,9:136514668:G:C,1
depleted,9:97429160:A:G,-1
depleted,7:145720467:A:G,-1
depleted,7:10125808:T:C,1
depleted,6:162110497:G:A,1
depleted,1:196059593:T:C,1
depleted,1:154645691:G:A,-1
depleted,5:80006558:C:T,1
depleted,20:961220:T:C,-1
depleted,20:62268955:C:T,-1
depleted,20:59578269:T:C,-1
depleted,20:55255474:A:G,1
depleted,20:50141264:T:C,-1
depleted,1:55390841:C:G,-1
depleted,4:111832768:C:T,1
depleted,10:120738290:C:T,1
depleted,1:41101572:A:G,-1
depleted,6:48279464:C:T,1
depleted,7:17756548:A:T,1
depleted,1:154714006:G:A,1
depleted,5:135678996:T:C,1
depleted,2:228654161:A:C,1
depleted,12:26228883:G:A,-1
depleted,6:70987200:G:T,1
depleted,2:141826948:C:A,-1
depleted,2:46581453:C:G,1
depleted,2:46548064:C:G,-1
depleted,10:43854771:G:C,-1
depleted,7:50962640:A:T,-1
depleted,10:56401411:T:C,-1
depleted,10:53532468:T:C,1
depleted,10:82277297:G:C,-1
depleted,10:103998671:A:T,-1
depleted,10:105644736:T:G,-1
depleted,15:25983661:T:G,1
depleted,14:100599519:T:C,1
depleted,13:76374795:A:G,1
depleted,13:66712732:G:A,-1
depleted,8:115698881:G:A,1
depleted,8:124635197:G:C,-1
depleted,4:122687491:G:C,-1
depleted,22:49919182:C:G,-1
depleted,21:43776179:G:A,1
depleted,21:37395301:T:C,1
depleted,13:87001719:T:C,-1
depleted,10:130728264:G:A,1
depleted,8:109779789:C:T,-1
depleted,8:130384476:T:C,-1
depleted,4:29571133:C:T,-1
depleted,3:186004526:T:C,-1
depleted,2:127423075:G:A,1
depleted,11:39612309:C:T,-1
depleted,15:73370467:G:A,1
depleted,6:138341562:A:C,-1
depleted,8:108299501:T:G,-1
depleted,4:184529029:T:G,1
depleted,7:39418734:C:T,-1
depleted,3:183197722:A:T,1
depleted,8:143427682:G:A,1
depleted,5:31228783:T:A,-1
depleted,1:162887988:C:T,1
depleted,9:10751922:A:T,1
depleted,3:106779118:A:G,1
depleted,2:107747840:T:A,-1
depleted,7:124238:C:T,1
depleted,12:24784139:G:A,-1
depleted,14:54387873:C:T,1
depleted,13:96018966:T:C,-1
depleted,4:83778378:A:T,-1
depleted,4:111856631:T:G,-1
depleted,10:24582586:T:C,1
depleted,2:130659393:G:C,1
depleted,20:15144663:A:G,1
depleted,19:47321655:G:C,1
depleted,4:111745599:A:G,-1
depleted,6:75452066:T:C,1
depleted,4:111732536:C:T,-1
depleted,3:38624343:A:G,-1
depleted,4:111782436:T:A,1
depleted,1:50582172:A:C,1
depleted,8:53978574:C:T,1
depleted,4:4308513:T:C,-1
depleted,17:12449192:A:G,-1
depleted,7:147313809:A:G,1
depleted,12:67089330:G:A,1
depleted,14:64664576:G:A,1
depleted,10:105340059:A:G,-1
depleted,1:9373597:A:T,1
depleted,6:124809991:A:T,1
depleted,1:169591164:T:C,-1
depleted,5:38768482:A:G,1
depleted,2:198711900:C:A,-1
depleted,4:111727163:C:G,-1
depleted,4:111734136:T:C,-1
depleted,17:64473021:A:G,-1
depleted,5:158679579:C:T,1
depleted,15:73650824:G:A,-1
depleted,2:169816936:G:C,1
depleted,7:116191301:C:A,1
depleted,17:70018911:T:G,1
depleted,2:238260701:T:A,1
depleted,8:17893093:A:C,1
depleted,3:148585981:C:G,-1
depleted,11:128769876:C:G,1
depleted,1:151551320:G:A,1
depleted,8:124525483:C:T,-1
depleted,11:125497247:T:C,-1
depleted,22:18601415:A:G,-1
depleted,6:158193664:G:A,-1
depleted,4:79234587:G:C,1
depleted,12:31115718:C:T,-1
depleted,5:142004308:T:C,1
depleted,5:113748571:C:T,1
depleted,11:6221249:A:G,1
depleted,15:100246718:C:T,-1
depleted,5:158220193:A:G,1
depleted,6:31685654:G:C,-1
depleted,11:132108484:C:T,-1
depleted,7:154800555:C:T,-1
depleted,5:15447939:C:T,-1
depleted,9:137807917:T:C,-1
depleted,8:3919130:G:A,-1
depleted,8:19493786:T:C,1
depleted,5:11114390:G:A,-1
depleted,4:112007022:C:T,-1
depleted,2:201141002:G:C,-1
depleted,7:97445355:C:A,-1
depleted,5:107566842:C:T,1
depleted,6:157153670:G:A,1
depleted,6:142996618:C:G,-1
depleted,4:139284343:G:A,-1
depleted,21:45867411:G:A,1
depleted,21:39966133:A:G,-1
depleted,21:36119111:T:G,-1
depleted,21:33325270:A:G,1
depleted,21:32487917:C:T,1
depleted,6:118569679:T:G,-1
depleted,21:24339568:C:T,1
depleted,21:19040005:T:C,-1
depleted,6:122528771:C:T,-1
depleted,15:39531658:A:G,1
depleted,16:78717952:G:A,1
depleted,7:111768945:G:T,1
depleted,7:96013072:A:G,-1
depleted,2:65279414:A:G,-1
depleted,8:17338553:C:T,-1
depleted,2:499823:C:T,1
depleted,8:31221298:T:A,1
depleted,17:56431549:A:G,1
depleted,3:9084534:C:T,1
depleted,8:138967755:G:C,1
depleted,4:107515773:A:G,-1
depleted,15:99633448:G:A,-1
depleted,4:111586468:A:G,-1
depleted,4:111563482:T:A,-1
depleted,17:55959944:A:G,-1
depleted,2:47287594:T:G,-1
depleted,5:132949899:A:G,-1
depleted,2:207948768:C:T,-1
depleted,17:47657824:A:C,1
depleted,9:107706188:C:T,-1
depleted,11:23197362:G:A,-1
depleted,10:12870334:C:T,-1
depleted,11:114994893:A:T,-1
depleted,15:70209553:A:G,-1
depleted,21:28704127:T:C,1
depleted,3:186237034:T:C,-1
depleted,14:84211403:C:G,-1
depleted,2:175558804:G:A,-1
depleted,2:191604422:G:A,-1
depleted,4:71267096:G:A,1
depleted,13:82183160:A:G,-1
depleted,17:14514490:T:A,-1
depleted,11:117241760:T:A,-1
depleted,17:74574826:C:T,-1
depleted,7:92300587:G:A,1
depleted,12:13867668:A:G,1
depleted,17:35469925:T:C,-1
depleted,11:2862244:G:A,1
depleted,5:33989518:C:T,-1
depleted,2:10566804:A:G,1
depleted,1:64098065:T:C,-1
depleted,11:67090571:C:T,-1
depleted,15:36039864:T:C,1
depleted,2:37444617:A:T,-1
depleted,2:37438764:A:G,-1
depleted,4:103687208:A:G,1
depleted,8:3783289:T:C,-1
depleted,13:63436800:A:G,-1
depleted,2:177557020:A:G,1
depleted,7:116218086:C:T,-1
depleted,20:40534202:G:A,-1
depleted,2:70451402:G:C,-1
depleted,11:16834510:G:A,-1
depleted,14:32981484:G:A,1
depleted,20:6572014:A:C,-1
depleted,11:11398347:G:A,-1
depleted,8:108702663:C:T,-1
depleted,16:73051620:C:T,1
depleted,5:108625324:C:A,-1
depleted,19:1384690:G:A,1
depleted,22:24081705:C:T,1
depleted,21:35239405:A:T,-1
depleted,4:41261500:T:C,1
depleted,9:33026572:T:C,-1
depleted,4:54914865:T:C,-1
depleted,5:137419989:C:T,1
depleted,1:193424164:T:C,1
depleted,2:198952637:C:T,-1
depleted,9:138698196:G:A,1
depleted,7:42319776:A:T,-1
depleted,17:38155798:G:A,1
depleted,3:171076131:C:T,1
depleted,1:87633477:C:T,-1
depleted,12:57121936:G:C,-1
depleted,14:24935420:C:T,-1
depleted,9:27982137:A:G,-1
depleted,1:196316761:C:T,1
depleted,1:218027794:T:C,-1
depleted,11:10657739:C:T,-1
depleted,7:116058859:A:G,-1
depleted,11:43188968:A:T,-1
depleted,4:181909685:G:A,-1
depleted,2:127380918:C:T,1
depleted,14:56884825:A:T,1
depleted,14:95989942:C:G,1
depleted,3:56580015:A:G,1
depleted,12:67872464:C:T,1
depleted,10:112564839:A:T,1
depleted,8:82802669:T:A,1
depleted,7:21281641:C:T,-1
depleted,14:84500801:C:G,1
depleted,10:55851799:G:T,-1
depleted,2:142077308:T:C,1
depleted,7:116154015:T:G,-1
depleted,3:137461111:A:G,-1
depleted,4:111894848:T:G,-1
depleted,4:37926978:C:T,1
depleted,8:16816092:C:T,1
depleted,5:124605472:C:T,1
depleted,16:1904506:G:A,1
depleted,11:35972672:G:A,1
depleted,1:11852516:C:T,1
depleted,18:4631497:G:A,-1
depleted,2:5634436:T:C,1
depleted,3:132672981:T:C,-1
depleted,3:173179298:C:T,1
depleted,19:31050122:T:C,1
depleted,8:124020903:C:T,-1
depleted,3:16670272:C:T,-1
depleted,2:124482626:C:T,-1
depleted,21:40448889:G:A,1
depleted,3:184513018:T:C,1
depleted,14:70557927:T:G,1
depleted,7:26605282:C:T,-1
depleted,7:14368444:T:A,1
depleted,3:158285175:T:C,1
depleted,10:3230337:C:T,1
depleted,1:67934430:G:A,1
depleted,1:65010606:T:G,1
depleted,8:20185559:C:T,-1
depleted,5:92989489:A:C,1
depleted,13:23329181:G:A,-1
depleted,2:179595117:C:G,1
depleted,3:65729827:T:C,-1
depleted,5:165716407:A:G,-1
depleted,3:62133492:G:A,1
depleted,5:161320751:C:G,1
depleted,13:60917626:C:T,-1
depleted,4:130128403:C:T,1
depleted,4:38079714:T:A,1
depleted,15:78691740:G:A,1
depleted,11:18218678:G:A,1
depleted,10:75683793:G:A,-1
depleted,5:174999105:C:G,-1
depleted,6:25520094:G:A,-1
depleted,2:179815641:A:G,1
depleted,2:207992155:G:A,1
depleted,10:80045112:G:C,-1
depleted,18:53352082:T:G,-1
depleted,12:64971147:G:A,-1
depleted,6:67068252:T:A,-1
depleted,1:20030836:G:A,1
depleted,11:26516328:A:T,-1
depleted,1:107031734:C:T,-1
depleted,7:22004469:G:A,1
depleted,18:69277758:T:A,1
depleted,9:109675354:G:A,1
depleted,12:114556438:C:T,-1
depleted,13:27665405:C:T,1
depleted,1:197968019:T:C,-1
depleted,9:100931113:C:T,1
depleted,16:65897322:T:C,-1
depleted,6:43711981:T:C,-1
depleted,15:60591309:G:A,-1
depleted,8:106209829:T:A,1
depleted,2:190404135:C:T,-1
depleted,4:81289578:G:A,1
depleted,12:32972940:C:T,1
depleted,3:177742058:T:C,-1
depleted,6:122708686:G:A,-1
depleted,8:57841260:T:C,1
depleted,16:51775240:A:T,1
depleted,1:195866450:T:G,-1
depleted,22:39660061:C:A,1
depleted,2:142798939:C:T,1
depleted,8:31197124:G:T,1
depleted,22:32267042:A:G,-1
depleted,2:57218797:G:T,1
depleted,5:11638501:A:G,1
depleted,2:177598083:A:G,1
depleted,18:25528530:T:C,-1
depleted,13:80618435:A:G,-1
depleted,8:110115372:C:T,1
depleted,2:221397008:T:C,-1
depleted,22:28072042:C:T,1
depleted,13:92962685:C:A,-1
depleted,13:75624993:T:C,1
depleted,9:78810117:A:T,1
depleted,8:110581794:A:G,1
depleted,8:3225852:T:C,1
depleted,8:141729463:C:T,-1
depleted,6:122452329:T:C,-1
depleted,2:564079:G:T,1
depleted,5:153970243:G:A,1
depleted,5:137359757:T:G,1
depleted,4:147993702:A:G,-1
depleted,4:16035795:A:C,-1
depleted,4:138229547:C:T,-1
depleted,4:111662573:G:T,-1
depleted,4:92187079:A:G,-1
depleted,4:84924934:G:A,1
depleted,4:1078124:G:A,1
depleted,4:36327093:G:A,1
depleted,2:190387487:C:T,-1
depleted,2:198077877:A:G,1
depleted,2:199169278:G:C,1
depleted,18:57323149:C:A,-1
depleted,18:5877390:G:C,1
depleted,17:47944836:G:A,-1
depleted,16:5669598:G:T,-1
depleted,16:57548744:T:C,-1
depleted,15:54455757:T:C,1
depleted,11:128126473:C:G,1
depleted,11:80644946:T:G,1
depleted,1:170569689:G:A,1
depleted,1:227191011:A:G,-1
depleted,1:211603026:C:A,-1
depleted,7:11572869:A:G,1
depleted,7:71867165:G:A,1
depleted,2:165558252:T:C,1
depleted,8:93643870:C:T,-1
depleted,4:75515054:A:G,1
depleted,4:181525745:T:C,-1
depleted,19:56323209:T:C,-1
depleted,12:27035810:G:C,-1
depleted,1:177279412:G:A,1
depleted,8:64894655:G:A,-1
depleted,7:150594014:C:T,1
depleted,6:118441681:C:T,-1
depleted,5:65942372:A:G,1
depleted,4:165798986:A:G,-1
depleted,3:178467852:A:G,1
depleted,18:76534379:A:G,1
depleted,17:1054071:T:C,1
depleted,12:4086785:A:C,1
depleted,10:105324774:C:T,1
depleted,1:120303055:C:T,1
depleted,16:73068515:T:C,-1
depleted,12:69936101:G:A,-1
depleted,9:114850255:A:C,1
depleted,16:79068707:C:T,1
depleted,11:84308799:A:G,-1
depleted,11:11563879:C:T,1
depleted,11:21448255:G:A,1
depleted,1:154834183:G:A,1
depleted,22:45743242:G:A,-1
depleted,16:53842908:G:A,1
depleted,1:230188748:G:A,1
depleted,1:74252659:A:C,1
depleted,1:205458264:C:A,-1
depleted,6:3582177:T:C,1
depleted,1:162162334:T:C,-1
depleted,1:14105298:G:A,-1
depleted,1:84172192:A:G,-1
depleted,7:101381523:A:G,1
depleted,5:119399177:A:G,1
depleted,5:13989208:C:G,1
depleted,2:43541386:G:A,-1
depleted,17:62161933:A:G,1
depleted,15:98615560:C:T,1
depleted,14:28338474:G:T,-1
depleted,14:70609793:G:A,1
depleted,13:22319948:T:C,-1
depleted,8:141992778:T:C,-1
depleted,5:80391253:A:G,1
depleted,5:14568126:G:A,1
depleted,4:5271326:G:C,1
depleted,4:148763687:C:T,-1
depleted,3:134440232:C:G,1
depleted,20:17915546:G:A,-1
depleted,17:32248813:G:C,1
depleted,14:83886260:A:T,-1
depleted,12:40952895:G:A,1
depleted,10:35150975:A:G,1
depleted,14:64680848:A:G,-1
depleted,9:92498089:C:T,1
depleted,10:12488714:T:G,1
depleted,10:10499796:T:G,1
depleted,12:104290997:G:A,-1
depleted,4:70934473:T:G,-1
depleted,10:63861600:C:T,1
depleted,11:114337188:C:T,1
depleted,8:17292466:T:G,1
depleted,10:123334930:G:A,-1
depleted,10:116828824:T:G,-1
depleted,4:63248138:A:G,-1
depleted,12:114804580:A:C,1
depleted,2:19369285:A:T,1
depleted,19:5146582:A:G,1
depleted,13:37070420:A:G,1
depleted,2:101576199:G:A,-1
depleted,5:166392055:C:T,1
depleted,9:137520289:C:A,1
depleted,11:128478885:C:A,1
depleted,19:15594019:C:T,1
depleted,1:38559352:A:G,-1
depleted,18:28750750:A:G,-1
depleted,12:115673929:C:G,-1
depleted,12:115094260:A:G,1
depleted,12:19142169:C:T,1
depleted,12:18040964:A:C,1
depleted,11:45643843:C:T,1
depleted,10:54884423:C:G,-1
depleted,10:80690667:G:C,1
depleted,9:130932776:C:T,-1
depleted,9:127168391:T:A,-1
depleted,6:32373185:T:C,-1
depleted,1:13885203:C:T,-1
depleted,1:170346164:C:T,1
depleted,11:124318678:C:G,1
depleted,12:50901882:T:C,1
depleted,1:77002699:C:A,-1
depleted,1:212298577:C:G,-1
depleted,12:78839926:T:C,1
depleted,19:54631097:G:A,1
depleted,12:4942953:T:G,-1
depleted,11:7721870:G:A,1
depleted,11:45274894:C:T,1
depleted,10:75416789:A:G,-1
depleted,9:97713459:C:A,1
depleted,9:94228244:G:A,1
depleted,9:23325709:T:A,-1
depleted,1:247696047:G:A,-1
depleted,1:170185641:C:G,-1
depleted,11:99033861:A:G,-1
depleted,12:95717265:A:G,1
depleted,9:126094366:T:C,-1
depleted,15:61294826:T:C,1
depleted,15:58650355:C:T,1
depleted,5:137044526:T:C,1
depleted,16:80025366:G:A,1
depleted,14:87626747:C:T,1
depleted,12:114797093:G:T,1
depleted,12:87301493:A:G,1
depleted,1:81334027:G:A,1
depleted,22:49374589:A:T,1
depleted,10:131027588:C:T,1
depleted,1:40144301:G:C,1
depleted,7:71626255:T:C,-1
depleted,7:28944145:A:G,1
depleted,3:111560228:G:A,1
depleted,2:56853034:T:C,1
depleted,2:142349495:C:A,-1
depleted,2:151374518:G:T,1
depleted,2:218717638:T:A,1
depleted,14:63782555:G:T,1
depleted,14:24764114:A:G,1
depleted,8:131646185:A:G,1
depleted,9:105754656:T:C,1
depleted,5:42876030:A:C,1
depleted,5:33499437:A:G,-1
depleted,4:111324679:G:A,1
depleted,4:42308930:C:T,-1
